filename,relative_path,full_path
acacia_door_bottom.png,acacia_door_bottom.png,assets/block/acacia_door_bottom.png
acacia_door_top.png,acacia_door_top.png,assets/block/acacia_door_top.png
acacia_leaves.png,acacia_leaves.png,assets/block/acacia_leaves.png
acacia_log.png,acacia_log.png,assets/block/acacia_log.png
acacia_log_top.png,acacia_log_top.png,assets/block/acacia_log_top.png
acacia_planks.png,acacia_planks.png,assets/block/acacia_planks.png
acacia_sapling.png,acacia_sapling.png,assets/block/acacia_sapling.png
acacia_trapdoor.png,acacia_trapdoor.png,assets/block/acacia_trapdoor.png
activator_rail.png,activator_rail.png,assets/block/activator_rail.png
activator_rail_on.png,activator_rail_on.png,assets/block/activator_rail_on.png
allium.png,allium.png,assets/block/allium.png
amethyst_block.png,amethyst_block.png,assets/block/amethyst_block.png
amethyst_cluster.png,amethyst_cluster.png,assets/block/amethyst_cluster.png
ancient_debris_side.png,ancient_debris_side.png,assets/block/ancient_debris_side.png
ancient_debris_top.png,ancient_debris_top.png,assets/block/ancient_debris_top.png
andesite.png,andesite.png,assets/block/andesite.png
anvil.png,anvil.png,assets/block/anvil.png
anvil_top.png,anvil_top.png,assets/block/anvil_top.png
attached_melon_stem.png,attached_melon_stem.png,assets/block/attached_melon_stem.png
attached_pumpkin_stem.png,attached_pumpkin_stem.png,assets/block/attached_pumpkin_stem.png
azalea_leaves.png,azalea_leaves.png,assets/block/azalea_leaves.png
azalea_plant.png,azalea_plant.png,assets/block/azalea_plant.png
azalea_side.png,azalea_side.png,assets/block/azalea_side.png
azalea_top.png,azalea_top.png,assets/block/azalea_top.png
azure_bluet.png,azure_bluet.png,assets/block/azure_bluet.png
bamboo_block.png,bamboo_block.png,assets/block/bamboo_block.png
bamboo_block_top.png,bamboo_block_top.png,assets/block/bamboo_block_top.png
bamboo_door_bottom.png,bamboo_door_bottom.png,assets/block/bamboo_door_bottom.png
bamboo_door_top.png,bamboo_door_top.png,assets/block/bamboo_door_top.png
bamboo_fence.png,bamboo_fence.png,assets/block/bamboo_fence.png
bamboo_fence_gate.png,bamboo_fence_gate.png,assets/block/bamboo_fence_gate.png
bamboo_fence_gate_particle.png,bamboo_fence_gate_particle.png,assets/block/bamboo_fence_gate_particle.png
bamboo_fence_particle.png,bamboo_fence_particle.png,assets/block/bamboo_fence_particle.png
bamboo_large_leaves.png,bamboo_large_leaves.png,assets/block/bamboo_large_leaves.png
bamboo_mosaic.png,bamboo_mosaic.png,assets/block/bamboo_mosaic.png
bamboo_planks.png,bamboo_planks.png,assets/block/bamboo_planks.png
bamboo_singleleaf.png,bamboo_singleleaf.png,assets/block/bamboo_singleleaf.png
bamboo_small_leaves.png,bamboo_small_leaves.png,assets/block/bamboo_small_leaves.png
bamboo_stage0.png,bamboo_stage0.png,assets/block/bamboo_stage0.png
bamboo_stalk.png,bamboo_stalk.png,assets/block/bamboo_stalk.png
bamboo_trapdoor.png,bamboo_trapdoor.png,assets/block/bamboo_trapdoor.png
barrel_bottom.png,barrel_bottom.png,assets/block/barrel_bottom.png
barrel_side.png,barrel_side.png,assets/block/barrel_side.png
barrel_top.png,barrel_top.png,assets/block/barrel_top.png
barrel_top_open.png,barrel_top_open.png,assets/block/barrel_top_open.png
basalt_side.png,basalt_side.png,assets/block/basalt_side.png
basalt_top.png,basalt_top.png,assets/block/basalt_top.png
beacon.png,beacon.png,assets/block/beacon.png
bedrock.png,bedrock.png,assets/block/bedrock.png
bee_nest_bottom.png,bee_nest_bottom.png,assets/block/bee_nest_bottom.png
bee_nest_front.png,bee_nest_front.png,assets/block/bee_nest_front.png
bee_nest_front_honey.png,bee_nest_front_honey.png,assets/block/bee_nest_front_honey.png
bee_nest_side.png,bee_nest_side.png,assets/block/bee_nest_side.png
bee_nest_top.png,bee_nest_top.png,assets/block/bee_nest_top.png
beehive_end.png,beehive_end.png,assets/block/beehive_end.png
beehive_front.png,beehive_front.png,assets/block/beehive_front.png
beehive_front_honey.png,beehive_front_honey.png,assets/block/beehive_front_honey.png
beehive_side.png,beehive_side.png,assets/block/beehive_side.png
beetroots_stage0.png,beetroots_stage0.png,assets/block/beetroots_stage0.png
beetroots_stage1.png,beetroots_stage1.png,assets/block/beetroots_stage1.png
beetroots_stage2.png,beetroots_stage2.png,assets/block/beetroots_stage2.png
beetroots_stage3.png,beetroots_stage3.png,assets/block/beetroots_stage3.png
bell_bottom.png,bell_bottom.png,assets/block/bell_bottom.png
bell_side.png,bell_side.png,assets/block/bell_side.png
bell_top.png,bell_top.png,assets/block/bell_top.png
big_dripleaf_side.png,big_dripleaf_side.png,assets/block/big_dripleaf_side.png
big_dripleaf_stem.png,big_dripleaf_stem.png,assets/block/big_dripleaf_stem.png
big_dripleaf_tip.png,big_dripleaf_tip.png,assets/block/big_dripleaf_tip.png
big_dripleaf_top.png,big_dripleaf_top.png,assets/block/big_dripleaf_top.png
birch_door_bottom.png,birch_door_bottom.png,assets/block/birch_door_bottom.png
birch_door_top.png,birch_door_top.png,assets/block/birch_door_top.png
birch_leaves.png,birch_leaves.png,assets/block/birch_leaves.png
birch_log.png,birch_log.png,assets/block/birch_log.png
birch_log_top.png,birch_log_top.png,assets/block/birch_log_top.png
birch_planks.png,birch_planks.png,assets/block/birch_planks.png
birch_sapling.png,birch_sapling.png,assets/block/birch_sapling.png
birch_trapdoor.png,birch_trapdoor.png,assets/block/birch_trapdoor.png
black_candle.png,black_candle.png,assets/block/black_candle.png
black_candle_lit.png,black_candle_lit.png,assets/block/black_candle_lit.png
black_concrete.png,black_concrete.png,assets/block/black_concrete.png
black_concrete_powder.png,black_concrete_powder.png,assets/block/black_concrete_powder.png
black_glazed_terracotta.png,black_glazed_terracotta.png,assets/block/black_glazed_terracotta.png
black_shulker_box.png,black_shulker_box.png,assets/block/black_shulker_box.png
black_stained_glass.png,black_stained_glass.png,assets/block/black_stained_glass.png
black_stained_glass_pane_top.png,black_stained_glass_pane_top.png,assets/block/black_stained_glass_pane_top.png
black_terracotta.png,black_terracotta.png,assets/block/black_terracotta.png
black_wool.png,black_wool.png,assets/block/black_wool.png
blackstone.png,blackstone.png,assets/block/blackstone.png
blackstone_top.png,blackstone_top.png,assets/block/blackstone_top.png
blast_furnace_front.png,blast_furnace_front.png,assets/block/blast_furnace_front.png
blast_furnace_front_on.png,blast_furnace_front_on.png,assets/block/blast_furnace_front_on.png
blast_furnace_front_on.png.mcmeta,blast_furnace_front_on.png.mcmeta,assets/block/blast_furnace_front_on.png.mcmeta
blast_furnace_side.png,blast_furnace_side.png,assets/block/blast_furnace_side.png
blast_furnace_top.png,blast_furnace_top.png,assets/block/blast_furnace_top.png
blue_candle.png,blue_candle.png,assets/block/blue_candle.png
blue_candle_lit.png,blue_candle_lit.png,assets/block/blue_candle_lit.png
blue_concrete.png,blue_concrete.png,assets/block/blue_concrete.png
blue_concrete_powder.png,blue_concrete_powder.png,assets/block/blue_concrete_powder.png
blue_glazed_terracotta.png,blue_glazed_terracotta.png,assets/block/blue_glazed_terracotta.png
blue_ice.png,blue_ice.png,assets/block/blue_ice.png
blue_orchid.png,blue_orchid.png,assets/block/blue_orchid.png
blue_shulker_box.png,blue_shulker_box.png,assets/block/blue_shulker_box.png
blue_stained_glass.png,blue_stained_glass.png,assets/block/blue_stained_glass.png
blue_stained_glass_pane_top.png,blue_stained_glass_pane_top.png,assets/block/blue_stained_glass_pane_top.png
blue_terracotta.png,blue_terracotta.png,assets/block/blue_terracotta.png
blue_wool.png,blue_wool.png,assets/block/blue_wool.png
bone_block_side.png,bone_block_side.png,assets/block/bone_block_side.png
bone_block_top.png,bone_block_top.png,assets/block/bone_block_top.png
bookshelf.png,bookshelf.png,assets/block/bookshelf.png
brain_coral.png,brain_coral.png,assets/block/brain_coral.png
brain_coral_block.png,brain_coral_block.png,assets/block/brain_coral_block.png
brain_coral_fan.png,brain_coral_fan.png,assets/block/brain_coral_fan.png
brewing_stand.png,brewing_stand.png,assets/block/brewing_stand.png
brewing_stand_base.png,brewing_stand_base.png,assets/block/brewing_stand_base.png
bricks.png,bricks.png,assets/block/bricks.png
brown_candle.png,brown_candle.png,assets/block/brown_candle.png
brown_candle_lit.png,brown_candle_lit.png,assets/block/brown_candle_lit.png
brown_concrete.png,brown_concrete.png,assets/block/brown_concrete.png
brown_concrete_powder.png,brown_concrete_powder.png,assets/block/brown_concrete_powder.png
brown_glazed_terracotta.png,brown_glazed_terracotta.png,assets/block/brown_glazed_terracotta.png
brown_mushroom.png,brown_mushroom.png,assets/block/brown_mushroom.png
brown_mushroom_block.png,brown_mushroom_block.png,assets/block/brown_mushroom_block.png
brown_shulker_box.png,brown_shulker_box.png,assets/block/brown_shulker_box.png
brown_stained_glass.png,brown_stained_glass.png,assets/block/brown_stained_glass.png
brown_stained_glass_pane_top.png,brown_stained_glass_pane_top.png,assets/block/brown_stained_glass_pane_top.png
brown_terracotta.png,brown_terracotta.png,assets/block/brown_terracotta.png
brown_wool.png,brown_wool.png,assets/block/brown_wool.png
bubble_coral.png,bubble_coral.png,assets/block/bubble_coral.png
bubble_coral_block.png,bubble_coral_block.png,assets/block/bubble_coral_block.png
bubble_coral_fan.png,bubble_coral_fan.png,assets/block/bubble_coral_fan.png
budding_amethyst.png,budding_amethyst.png,assets/block/budding_amethyst.png
bush.png,bush.png,assets/block/bush.png
cactus_bottom.png,cactus_bottom.png,assets/block/cactus_bottom.png
cactus_flower.png,cactus_flower.png,assets/block/cactus_flower.png
cactus_side.png,cactus_side.png,assets/block/cactus_side.png
cactus_top.png,cactus_top.png,assets/block/cactus_top.png
cake_bottom.png,cake_bottom.png,assets/block/cake_bottom.png
cake_inner.png,cake_inner.png,assets/block/cake_inner.png
cake_side.png,cake_side.png,assets/block/cake_side.png
cake_top.png,cake_top.png,assets/block/cake_top.png
calcite.png,calcite.png,assets/block/calcite.png
calibrated_sculk_sensor_amethyst.png,calibrated_sculk_sensor_amethyst.png,assets/block/calibrated_sculk_sensor_amethyst.png
calibrated_sculk_sensor_input_side.png,calibrated_sculk_sensor_input_side.png,assets/block/calibrated_sculk_sensor_input_side.png
calibrated_sculk_sensor_top.png,calibrated_sculk_sensor_top.png,assets/block/calibrated_sculk_sensor_top.png
campfire_fire.png,campfire_fire.png,assets/block/campfire_fire.png
campfire_fire.png.mcmeta,campfire_fire.png.mcmeta,assets/block/campfire_fire.png.mcmeta
campfire_log.png,campfire_log.png,assets/block/campfire_log.png
campfire_log_lit.png,campfire_log_lit.png,assets/block/campfire_log_lit.png
campfire_log_lit.png.mcmeta,campfire_log_lit.png.mcmeta,assets/block/campfire_log_lit.png.mcmeta
candle.png,candle.png,assets/block/candle.png
candle_lit.png,candle_lit.png,assets/block/candle_lit.png
carrots_stage0.png,carrots_stage0.png,assets/block/carrots_stage0.png
carrots_stage1.png,carrots_stage1.png,assets/block/carrots_stage1.png
carrots_stage2.png,carrots_stage2.png,assets/block/carrots_stage2.png
carrots_stage3.png,carrots_stage3.png,assets/block/carrots_stage3.png
cartography_table_side1.png,cartography_table_side1.png,assets/block/cartography_table_side1.png
cartography_table_side2.png,cartography_table_side2.png,assets/block/cartography_table_side2.png
cartography_table_side3.png,cartography_table_side3.png,assets/block/cartography_table_side3.png
cartography_table_top.png,cartography_table_top.png,assets/block/cartography_table_top.png
carved_pumpkin.png,carved_pumpkin.png,assets/block/carved_pumpkin.png
cauldron_bottom.png,cauldron_bottom.png,assets/block/cauldron_bottom.png
cauldron_inner.png,cauldron_inner.png,assets/block/cauldron_inner.png
cauldron_side.png,cauldron_side.png,assets/block/cauldron_side.png
cauldron_top.png,cauldron_top.png,assets/block/cauldron_top.png
cave_vines.png,cave_vines.png,assets/block/cave_vines.png
cave_vines_lit.png,cave_vines_lit.png,assets/block/cave_vines_lit.png
cave_vines_plant.png,cave_vines_plant.png,assets/block/cave_vines_plant.png
cave_vines_plant_lit.png,cave_vines_plant_lit.png,assets/block/cave_vines_plant_lit.png
chain.png,chain.png,assets/block/chain.png
chain_command_block_back.png,chain_command_block_back.png,assets/block/chain_command_block_back.png
chain_command_block_back.png.mcmeta,chain_command_block_back.png.mcmeta,assets/block/chain_command_block_back.png.mcmeta
chain_command_block_conditional.png,chain_command_block_conditional.png,assets/block/chain_command_block_conditional.png
chain_command_block_conditional.png.mcmeta,chain_command_block_conditional.png.mcmeta,assets/block/chain_command_block_conditional.png.mcmeta
chain_command_block_front.png,chain_command_block_front.png,assets/block/chain_command_block_front.png
chain_command_block_front.png.mcmeta,chain_command_block_front.png.mcmeta,assets/block/chain_command_block_front.png.mcmeta
chain_command_block_side.png,chain_command_block_side.png,assets/block/chain_command_block_side.png
chain_command_block_side.png.mcmeta,chain_command_block_side.png.mcmeta,assets/block/chain_command_block_side.png.mcmeta
cherry_door_bottom.png,cherry_door_bottom.png,assets/block/cherry_door_bottom.png
cherry_door_top.png,cherry_door_top.png,assets/block/cherry_door_top.png
cherry_leaves.png,cherry_leaves.png,assets/block/cherry_leaves.png
cherry_log.png,cherry_log.png,assets/block/cherry_log.png
cherry_log_top.png,cherry_log_top.png,assets/block/cherry_log_top.png
cherry_planks.png,cherry_planks.png,assets/block/cherry_planks.png
cherry_sapling.png,cherry_sapling.png,assets/block/cherry_sapling.png
cherry_trapdoor.png,cherry_trapdoor.png,assets/block/cherry_trapdoor.png
chipped_anvil_top.png,chipped_anvil_top.png,assets/block/chipped_anvil_top.png
chiseled_bookshelf_empty.png,chiseled_bookshelf_empty.png,assets/block/chiseled_bookshelf_empty.png
chiseled_bookshelf_occupied.png,chiseled_bookshelf_occupied.png,assets/block/chiseled_bookshelf_occupied.png
chiseled_bookshelf_side.png,chiseled_bookshelf_side.png,assets/block/chiseled_bookshelf_side.png
chiseled_bookshelf_top.png,chiseled_bookshelf_top.png,assets/block/chiseled_bookshelf_top.png
chiseled_copper.png,chiseled_copper.png,assets/block/chiseled_copper.png
chiseled_deepslate.png,chiseled_deepslate.png,assets/block/chiseled_deepslate.png
chiseled_nether_bricks.png,chiseled_nether_bricks.png,assets/block/chiseled_nether_bricks.png
chiseled_polished_blackstone.png,chiseled_polished_blackstone.png,assets/block/chiseled_polished_blackstone.png
chiseled_quartz_block.png,chiseled_quartz_block.png,assets/block/chiseled_quartz_block.png
chiseled_quartz_block_top.png,chiseled_quartz_block_top.png,assets/block/chiseled_quartz_block_top.png
chiseled_red_sandstone.png,chiseled_red_sandstone.png,assets/block/chiseled_red_sandstone.png
chiseled_resin_bricks.png,chiseled_resin_bricks.png,assets/block/chiseled_resin_bricks.png
chiseled_sandstone.png,chiseled_sandstone.png,assets/block/chiseled_sandstone.png
chiseled_stone_bricks.png,chiseled_stone_bricks.png,assets/block/chiseled_stone_bricks.png
chiseled_tuff.png,chiseled_tuff.png,assets/block/chiseled_tuff.png
chiseled_tuff_bricks.png,chiseled_tuff_bricks.png,assets/block/chiseled_tuff_bricks.png
chiseled_tuff_bricks_top.png,chiseled_tuff_bricks_top.png,assets/block/chiseled_tuff_bricks_top.png
chiseled_tuff_top.png,chiseled_tuff_top.png,assets/block/chiseled_tuff_top.png
chorus_flower.png,chorus_flower.png,assets/block/chorus_flower.png
chorus_flower_dead.png,chorus_flower_dead.png,assets/block/chorus_flower_dead.png
chorus_plant.png,chorus_plant.png,assets/block/chorus_plant.png
clay.png,clay.png,assets/block/clay.png
closed_eyeblossom.png,closed_eyeblossom.png,assets/block/closed_eyeblossom.png
coal_block.png,coal_block.png,assets/block/coal_block.png
coal_ore.png,coal_ore.png,assets/block/coal_ore.png
coarse_dirt.png,coarse_dirt.png,assets/block/coarse_dirt.png
cobbled_deepslate.png,cobbled_deepslate.png,assets/block/cobbled_deepslate.png
cobblestone.png,cobblestone.png,assets/block/cobblestone.png
cobweb.png,cobweb.png,assets/block/cobweb.png
cocoa_stage0.png,cocoa_stage0.png,assets/block/cocoa_stage0.png
cocoa_stage1.png,cocoa_stage1.png,assets/block/cocoa_stage1.png
cocoa_stage2.png,cocoa_stage2.png,assets/block/cocoa_stage2.png
command_block_back.png,command_block_back.png,assets/block/command_block_back.png
command_block_back.png.mcmeta,command_block_back.png.mcmeta,assets/block/command_block_back.png.mcmeta
command_block_conditional.png,command_block_conditional.png,assets/block/command_block_conditional.png
command_block_conditional.png.mcmeta,command_block_conditional.png.mcmeta,assets/block/command_block_conditional.png.mcmeta
command_block_front.png,command_block_front.png,assets/block/command_block_front.png
command_block_front.png.mcmeta,command_block_front.png.mcmeta,assets/block/command_block_front.png.mcmeta
command_block_side.png,command_block_side.png,assets/block/command_block_side.png
command_block_side.png.mcmeta,command_block_side.png.mcmeta,assets/block/command_block_side.png.mcmeta
comparator.png,comparator.png,assets/block/comparator.png
comparator_on.png,comparator_on.png,assets/block/comparator_on.png
composter_bottom.png,composter_bottom.png,assets/block/composter_bottom.png
composter_compost.png,composter_compost.png,assets/block/composter_compost.png
composter_ready.png,composter_ready.png,assets/block/composter_ready.png
composter_side.png,composter_side.png,assets/block/composter_side.png
composter_top.png,composter_top.png,assets/block/composter_top.png
conduit.png,conduit.png,assets/block/conduit.png
copper_block.png,copper_block.png,assets/block/copper_block.png
copper_bulb.png,copper_bulb.png,assets/block/copper_bulb.png
copper_bulb_lit.png,copper_bulb_lit.png,assets/block/copper_bulb_lit.png
copper_bulb_lit_powered.png,copper_bulb_lit_powered.png,assets/block/copper_bulb_lit_powered.png
copper_bulb_powered.png,copper_bulb_powered.png,assets/block/copper_bulb_powered.png
copper_door_bottom.png,copper_door_bottom.png,assets/block/copper_door_bottom.png
copper_door_top.png,copper_door_top.png,assets/block/copper_door_top.png
copper_grate.png,copper_grate.png,assets/block/copper_grate.png
copper_ore.png,copper_ore.png,assets/block/copper_ore.png
copper_trapdoor.png,copper_trapdoor.png,assets/block/copper_trapdoor.png
cornflower.png,cornflower.png,assets/block/cornflower.png
cracked_deepslate_bricks.png,cracked_deepslate_bricks.png,assets/block/cracked_deepslate_bricks.png
cracked_deepslate_tiles.png,cracked_deepslate_tiles.png,assets/block/cracked_deepslate_tiles.png
cracked_nether_bricks.png,cracked_nether_bricks.png,assets/block/cracked_nether_bricks.png
cracked_polished_blackstone_bricks.png,cracked_polished_blackstone_bricks.png,assets/block/cracked_polished_blackstone_bricks.png
cracked_stone_bricks.png,cracked_stone_bricks.png,assets/block/cracked_stone_bricks.png
crafter_bottom.png,crafter_bottom.png,assets/block/crafter_bottom.png
crafter_east.png,crafter_east.png,assets/block/crafter_east.png
crafter_east_crafting.png,crafter_east_crafting.png,assets/block/crafter_east_crafting.png
crafter_east_triggered.png,crafter_east_triggered.png,assets/block/crafter_east_triggered.png
crafter_north.png,crafter_north.png,assets/block/crafter_north.png
crafter_north_crafting.png,crafter_north_crafting.png,assets/block/crafter_north_crafting.png
crafter_south.png,crafter_south.png,assets/block/crafter_south.png
crafter_south_triggered.png,crafter_south_triggered.png,assets/block/crafter_south_triggered.png
crafter_top.png,crafter_top.png,assets/block/crafter_top.png
crafter_top_crafting.png,crafter_top_crafting.png,assets/block/crafter_top_crafting.png
crafter_top_triggered.png,crafter_top_triggered.png,assets/block/crafter_top_triggered.png
crafter_west.png,crafter_west.png,assets/block/crafter_west.png
crafter_west_crafting.png,crafter_west_crafting.png,assets/block/crafter_west_crafting.png
crafter_west_triggered.png,crafter_west_triggered.png,assets/block/crafter_west_triggered.png
crafting_table_front.png,crafting_table_front.png,assets/block/crafting_table_front.png
crafting_table_side.png,crafting_table_side.png,assets/block/crafting_table_side.png
crafting_table_top.png,crafting_table_top.png,assets/block/crafting_table_top.png
creaking_heart.png,creaking_heart.png,assets/block/creaking_heart.png
creaking_heart_awake.png,creaking_heart_awake.png,assets/block/creaking_heart_awake.png
creaking_heart_dormant.png,creaking_heart_dormant.png,assets/block/creaking_heart_dormant.png
creaking_heart_top.png,creaking_heart_top.png,assets/block/creaking_heart_top.png
creaking_heart_top_awake.png,creaking_heart_top_awake.png,assets/block/creaking_heart_top_awake.png
creaking_heart_top_dormant.png,creaking_heart_top_dormant.png,assets/block/creaking_heart_top_dormant.png
crimson_door_bottom.png,crimson_door_bottom.png,assets/block/crimson_door_bottom.png
crimson_door_top.png,crimson_door_top.png,assets/block/crimson_door_top.png
crimson_fungus.png,crimson_fungus.png,assets/block/crimson_fungus.png
crimson_nylium.png,crimson_nylium.png,assets/block/crimson_nylium.png
crimson_nylium_side.png,crimson_nylium_side.png,assets/block/crimson_nylium_side.png
crimson_planks.png,crimson_planks.png,assets/block/crimson_planks.png
crimson_roots.png,crimson_roots.png,assets/block/crimson_roots.png
crimson_roots_pot.png,crimson_roots_pot.png,assets/block/crimson_roots_pot.png
crimson_stem.png,crimson_stem.png,assets/block/crimson_stem.png
crimson_stem.png.mcmeta,crimson_stem.png.mcmeta,assets/block/crimson_stem.png.mcmeta
crimson_stem_top.png,crimson_stem_top.png,assets/block/crimson_stem_top.png
crimson_trapdoor.png,crimson_trapdoor.png,assets/block/crimson_trapdoor.png
crying_obsidian.png,crying_obsidian.png,assets/block/crying_obsidian.png
cut_copper.png,cut_copper.png,assets/block/cut_copper.png
cut_red_sandstone.png,cut_red_sandstone.png,assets/block/cut_red_sandstone.png
cut_sandstone.png,cut_sandstone.png,assets/block/cut_sandstone.png
cyan_candle.png,cyan_candle.png,assets/block/cyan_candle.png
cyan_candle_lit.png,cyan_candle_lit.png,assets/block/cyan_candle_lit.png
cyan_concrete.png,cyan_concrete.png,assets/block/cyan_concrete.png
cyan_concrete_powder.png,cyan_concrete_powder.png,assets/block/cyan_concrete_powder.png
cyan_glazed_terracotta.png,cyan_glazed_terracotta.png,assets/block/cyan_glazed_terracotta.png
cyan_shulker_box.png,cyan_shulker_box.png,assets/block/cyan_shulker_box.png
cyan_stained_glass.png,cyan_stained_glass.png,assets/block/cyan_stained_glass.png
cyan_stained_glass_pane_top.png,cyan_stained_glass_pane_top.png,assets/block/cyan_stained_glass_pane_top.png
cyan_terracotta.png,cyan_terracotta.png,assets/block/cyan_terracotta.png
cyan_wool.png,cyan_wool.png,assets/block/cyan_wool.png
damaged_anvil_top.png,damaged_anvil_top.png,assets/block/damaged_anvil_top.png
dandelion.png,dandelion.png,assets/block/dandelion.png
dark_oak_door_bottom.png,dark_oak_door_bottom.png,assets/block/dark_oak_door_bottom.png
dark_oak_door_top.png,dark_oak_door_top.png,assets/block/dark_oak_door_top.png
dark_oak_leaves.png,dark_oak_leaves.png,assets/block/dark_oak_leaves.png
dark_oak_log.png,dark_oak_log.png,assets/block/dark_oak_log.png
dark_oak_log_top.png,dark_oak_log_top.png,assets/block/dark_oak_log_top.png
dark_oak_planks.png,dark_oak_planks.png,assets/block/dark_oak_planks.png
dark_oak_sapling.png,dark_oak_sapling.png,assets/block/dark_oak_sapling.png
dark_oak_trapdoor.png,dark_oak_trapdoor.png,assets/block/dark_oak_trapdoor.png
dark_prismarine.png,dark_prismarine.png,assets/block/dark_prismarine.png
daylight_detector_inverted_top.png,daylight_detector_inverted_top.png,assets/block/daylight_detector_inverted_top.png
daylight_detector_side.png,daylight_detector_side.png,assets/block/daylight_detector_side.png
daylight_detector_top.png,daylight_detector_top.png,assets/block/daylight_detector_top.png
dead_brain_coral.png,dead_brain_coral.png,assets/block/dead_brain_coral.png
dead_brain_coral_block.png,dead_brain_coral_block.png,assets/block/dead_brain_coral_block.png
dead_brain_coral_fan.png,dead_brain_coral_fan.png,assets/block/dead_brain_coral_fan.png
dead_bubble_coral.png,dead_bubble_coral.png,assets/block/dead_bubble_coral.png
dead_bubble_coral_block.png,dead_bubble_coral_block.png,assets/block/dead_bubble_coral_block.png
dead_bubble_coral_fan.png,dead_bubble_coral_fan.png,assets/block/dead_bubble_coral_fan.png
dead_bush.png,dead_bush.png,assets/block/dead_bush.png
dead_fire_coral.png,dead_fire_coral.png,assets/block/dead_fire_coral.png
dead_fire_coral_block.png,dead_fire_coral_block.png,assets/block/dead_fire_coral_block.png
dead_fire_coral_fan.png,dead_fire_coral_fan.png,assets/block/dead_fire_coral_fan.png
dead_horn_coral.png,dead_horn_coral.png,assets/block/dead_horn_coral.png
dead_horn_coral_block.png,dead_horn_coral_block.png,assets/block/dead_horn_coral_block.png
dead_horn_coral_fan.png,dead_horn_coral_fan.png,assets/block/dead_horn_coral_fan.png
dead_tube_coral.png,dead_tube_coral.png,assets/block/dead_tube_coral.png
dead_tube_coral_block.png,dead_tube_coral_block.png,assets/block/dead_tube_coral_block.png
dead_tube_coral_fan.png,dead_tube_coral_fan.png,assets/block/dead_tube_coral_fan.png
debug.png,debug.png,assets/block/debug.png
debug2.png,debug2.png,assets/block/debug2.png
deepslate.png,deepslate.png,assets/block/deepslate.png
deepslate_bricks.png,deepslate_bricks.png,assets/block/deepslate_bricks.png
deepslate_coal_ore.png,deepslate_coal_ore.png,assets/block/deepslate_coal_ore.png
deepslate_copper_ore.png,deepslate_copper_ore.png,assets/block/deepslate_copper_ore.png
deepslate_diamond_ore.png,deepslate_diamond_ore.png,assets/block/deepslate_diamond_ore.png
deepslate_emerald_ore.png,deepslate_emerald_ore.png,assets/block/deepslate_emerald_ore.png
deepslate_gold_ore.png,deepslate_gold_ore.png,assets/block/deepslate_gold_ore.png
deepslate_iron_ore.png,deepslate_iron_ore.png,assets/block/deepslate_iron_ore.png
deepslate_lapis_ore.png,deepslate_lapis_ore.png,assets/block/deepslate_lapis_ore.png
deepslate_redstone_ore.png,deepslate_redstone_ore.png,assets/block/deepslate_redstone_ore.png
deepslate_tiles.png,deepslate_tiles.png,assets/block/deepslate_tiles.png
deepslate_top.png,deepslate_top.png,assets/block/deepslate_top.png
destroy_stage_0.png,destroy_stage_0.png,assets/block/destroy_stage_0.png
destroy_stage_1.png,destroy_stage_1.png,assets/block/destroy_stage_1.png
destroy_stage_2.png,destroy_stage_2.png,assets/block/destroy_stage_2.png
destroy_stage_3.png,destroy_stage_3.png,assets/block/destroy_stage_3.png
destroy_stage_4.png,destroy_stage_4.png,assets/block/destroy_stage_4.png
destroy_stage_5.png,destroy_stage_5.png,assets/block/destroy_stage_5.png
destroy_stage_6.png,destroy_stage_6.png,assets/block/destroy_stage_6.png
destroy_stage_7.png,destroy_stage_7.png,assets/block/destroy_stage_7.png
destroy_stage_8.png,destroy_stage_8.png,assets/block/destroy_stage_8.png
destroy_stage_9.png,destroy_stage_9.png,assets/block/destroy_stage_9.png
detector_rail.png,detector_rail.png,assets/block/detector_rail.png
detector_rail_on.png,detector_rail_on.png,assets/block/detector_rail_on.png
diamond_block.png,diamond_block.png,assets/block/diamond_block.png
diamond_ore.png,diamond_ore.png,assets/block/diamond_ore.png
diorite.png,diorite.png,assets/block/diorite.png
dirt.png,dirt.png,assets/block/dirt.png
dirt_path_side.png,dirt_path_side.png,assets/block/dirt_path_side.png
dirt_path_top.png,dirt_path_top.png,assets/block/dirt_path_top.png
dispenser_front.png,dispenser_front.png,assets/block/dispenser_front.png
dispenser_front_vertical.png,dispenser_front_vertical.png,assets/block/dispenser_front_vertical.png
dragon_egg.png,dragon_egg.png,assets/block/dragon_egg.png
dried_ghast_hydration_0_bottom.png,dried_ghast_hydration_0_bottom.png,assets/block/dried_ghast_hydration_0_bottom.png
dried_ghast_hydration_0_east.png,dried_ghast_hydration_0_east.png,assets/block/dried_ghast_hydration_0_east.png
dried_ghast_hydration_0_north.png,dried_ghast_hydration_0_north.png,assets/block/dried_ghast_hydration_0_north.png
dried_ghast_hydration_0_south.png,dried_ghast_hydration_0_south.png,assets/block/dried_ghast_hydration_0_south.png
dried_ghast_hydration_0_tentacles.png,dried_ghast_hydration_0_tentacles.png,assets/block/dried_ghast_hydration_0_tentacles.png
dried_ghast_hydration_0_top.png,dried_ghast_hydration_0_top.png,assets/block/dried_ghast_hydration_0_top.png
dried_ghast_hydration_0_west.png,dried_ghast_hydration_0_west.png,assets/block/dried_ghast_hydration_0_west.png
dried_ghast_hydration_1_bottom.png,dried_ghast_hydration_1_bottom.png,assets/block/dried_ghast_hydration_1_bottom.png
dried_ghast_hydration_1_east.png,dried_ghast_hydration_1_east.png,assets/block/dried_ghast_hydration_1_east.png
dried_ghast_hydration_1_north.png,dried_ghast_hydration_1_north.png,assets/block/dried_ghast_hydration_1_north.png
dried_ghast_hydration_1_south.png,dried_ghast_hydration_1_south.png,assets/block/dried_ghast_hydration_1_south.png
dried_ghast_hydration_1_tentacles.png,dried_ghast_hydration_1_tentacles.png,assets/block/dried_ghast_hydration_1_tentacles.png
dried_ghast_hydration_1_top.png,dried_ghast_hydration_1_top.png,assets/block/dried_ghast_hydration_1_top.png
dried_ghast_hydration_1_west.png,dried_ghast_hydration_1_west.png,assets/block/dried_ghast_hydration_1_west.png
dried_ghast_hydration_2_bottom.png,dried_ghast_hydration_2_bottom.png,assets/block/dried_ghast_hydration_2_bottom.png
dried_ghast_hydration_2_east.png,dried_ghast_hydration_2_east.png,assets/block/dried_ghast_hydration_2_east.png
dried_ghast_hydration_2_north.png,dried_ghast_hydration_2_north.png,assets/block/dried_ghast_hydration_2_north.png
dried_ghast_hydration_2_south.png,dried_ghast_hydration_2_south.png,assets/block/dried_ghast_hydration_2_south.png
dried_ghast_hydration_2_tentacles.png,dried_ghast_hydration_2_tentacles.png,assets/block/dried_ghast_hydration_2_tentacles.png
dried_ghast_hydration_2_top.png,dried_ghast_hydration_2_top.png,assets/block/dried_ghast_hydration_2_top.png
dried_ghast_hydration_2_west.png,dried_ghast_hydration_2_west.png,assets/block/dried_ghast_hydration_2_west.png
dried_ghast_hydration_3_bottom.png,dried_ghast_hydration_3_bottom.png,assets/block/dried_ghast_hydration_3_bottom.png
dried_ghast_hydration_3_east.png,dried_ghast_hydration_3_east.png,assets/block/dried_ghast_hydration_3_east.png
dried_ghast_hydration_3_north.png,dried_ghast_hydration_3_north.png,assets/block/dried_ghast_hydration_3_north.png
dried_ghast_hydration_3_south.png,dried_ghast_hydration_3_south.png,assets/block/dried_ghast_hydration_3_south.png
dried_ghast_hydration_3_tentacles.png,dried_ghast_hydration_3_tentacles.png,assets/block/dried_ghast_hydration_3_tentacles.png
dried_ghast_hydration_3_top.png,dried_ghast_hydration_3_top.png,assets/block/dried_ghast_hydration_3_top.png
dried_ghast_hydration_3_west.png,dried_ghast_hydration_3_west.png,assets/block/dried_ghast_hydration_3_west.png
dried_kelp_bottom.png,dried_kelp_bottom.png,assets/block/dried_kelp_bottom.png
dried_kelp_side.png,dried_kelp_side.png,assets/block/dried_kelp_side.png
dried_kelp_top.png,dried_kelp_top.png,assets/block/dried_kelp_top.png
dripstone_block.png,dripstone_block.png,assets/block/dripstone_block.png
dropper_front.png,dropper_front.png,assets/block/dropper_front.png
dropper_front_vertical.png,dropper_front_vertical.png,assets/block/dropper_front_vertical.png
emerald_block.png,emerald_block.png,assets/block/emerald_block.png
emerald_ore.png,emerald_ore.png,assets/block/emerald_ore.png
enchanting_table_bottom.png,enchanting_table_bottom.png,assets/block/enchanting_table_bottom.png
enchanting_table_side.png,enchanting_table_side.png,assets/block/enchanting_table_side.png
enchanting_table_top.png,enchanting_table_top.png,assets/block/enchanting_table_top.png
end_portal_frame_eye.png,end_portal_frame_eye.png,assets/block/end_portal_frame_eye.png
end_portal_frame_side.png,end_portal_frame_side.png,assets/block/end_portal_frame_side.png
end_portal_frame_top.png,end_portal_frame_top.png,assets/block/end_portal_frame_top.png
end_rod.png,end_rod.png,assets/block/end_rod.png
end_stone.png,end_stone.png,assets/block/end_stone.png
end_stone_bricks.png,end_stone_bricks.png,assets/block/end_stone_bricks.png
exposed_chiseled_copper.png,exposed_chiseled_copper.png,assets/block/exposed_chiseled_copper.png
exposed_copper.png,exposed_copper.png,assets/block/exposed_copper.png
exposed_copper_bulb.png,exposed_copper_bulb.png,assets/block/exposed_copper_bulb.png
exposed_copper_bulb_lit.png,exposed_copper_bulb_lit.png,assets/block/exposed_copper_bulb_lit.png
exposed_copper_bulb_lit_powered.png,exposed_copper_bulb_lit_powered.png,assets/block/exposed_copper_bulb_lit_powered.png
exposed_copper_bulb_powered.png,exposed_copper_bulb_powered.png,assets/block/exposed_copper_bulb_powered.png
exposed_copper_door_bottom.png,exposed_copper_door_bottom.png,assets/block/exposed_copper_door_bottom.png
exposed_copper_door_top.png,exposed_copper_door_top.png,assets/block/exposed_copper_door_top.png
exposed_copper_grate.png,exposed_copper_grate.png,assets/block/exposed_copper_grate.png
exposed_copper_trapdoor.png,exposed_copper_trapdoor.png,assets/block/exposed_copper_trapdoor.png
exposed_cut_copper.png,exposed_cut_copper.png,assets/block/exposed_cut_copper.png
farmland.png,farmland.png,assets/block/farmland.png
farmland_moist.png,farmland_moist.png,assets/block/farmland_moist.png
fern.png,fern.png,assets/block/fern.png
fire_0.png,fire_0.png,assets/block/fire_0.png
fire_0.png.mcmeta,fire_0.png.mcmeta,assets/block/fire_0.png.mcmeta
fire_1.png,fire_1.png,assets/block/fire_1.png
fire_1.png.mcmeta,fire_1.png.mcmeta,assets/block/fire_1.png.mcmeta
fire_coral.png,fire_coral.png,assets/block/fire_coral.png
fire_coral_block.png,fire_coral_block.png,assets/block/fire_coral_block.png
fire_coral_fan.png,fire_coral_fan.png,assets/block/fire_coral_fan.png
firefly_bush.png,firefly_bush.png,assets/block/firefly_bush.png
firefly_bush_emissive.png,firefly_bush_emissive.png,assets/block/firefly_bush_emissive.png
firefly_bush_emissive.png.mcmeta,firefly_bush_emissive.png.mcmeta,assets/block/firefly_bush_emissive.png.mcmeta
fletching_table_front.png,fletching_table_front.png,assets/block/fletching_table_front.png
fletching_table_side.png,fletching_table_side.png,assets/block/fletching_table_side.png
fletching_table_top.png,fletching_table_top.png,assets/block/fletching_table_top.png
flower_pot.png,flower_pot.png,assets/block/flower_pot.png
flowering_azalea_leaves.png,flowering_azalea_leaves.png,assets/block/flowering_azalea_leaves.png
flowering_azalea_side.png,flowering_azalea_side.png,assets/block/flowering_azalea_side.png
flowering_azalea_top.png,flowering_azalea_top.png,assets/block/flowering_azalea_top.png
frogspawn.png,frogspawn.png,assets/block/frogspawn.png
frosted_ice_0.png,frosted_ice_0.png,assets/block/frosted_ice_0.png
frosted_ice_1.png,frosted_ice_1.png,assets/block/frosted_ice_1.png
frosted_ice_2.png,frosted_ice_2.png,assets/block/frosted_ice_2.png
frosted_ice_3.png,frosted_ice_3.png,assets/block/frosted_ice_3.png
furnace_front.png,furnace_front.png,assets/block/furnace_front.png
furnace_front_on.png,furnace_front_on.png,assets/block/furnace_front_on.png
furnace_side.png,furnace_side.png,assets/block/furnace_side.png
furnace_top.png,furnace_top.png,assets/block/furnace_top.png
gilded_blackstone.png,gilded_blackstone.png,assets/block/gilded_blackstone.png
glass.png,glass.png,assets/block/glass.png
glass_pane_top.png,glass_pane_top.png,assets/block/glass_pane_top.png
glow_item_frame.png,glow_item_frame.png,assets/block/glow_item_frame.png
glow_lichen.png,glow_lichen.png,assets/block/glow_lichen.png
glowstone.png,glowstone.png,assets/block/glowstone.png
gold_block.png,gold_block.png,assets/block/gold_block.png
gold_ore.png,gold_ore.png,assets/block/gold_ore.png
granite.png,granite.png,assets/block/granite.png
grass_block_side.png,grass_block_side.png,assets/block/grass_block_side.png
grass_block_side_overlay.png,grass_block_side_overlay.png,assets/block/grass_block_side_overlay.png
grass_block_snow.png,grass_block_snow.png,assets/block/grass_block_snow.png
grass_block_top.png,grass_block_top.png,assets/block/grass_block_top.png
gravel.png,gravel.png,assets/block/gravel.png
gray_candle.png,gray_candle.png,assets/block/gray_candle.png
gray_candle_lit.png,gray_candle_lit.png,assets/block/gray_candle_lit.png
gray_concrete.png,gray_concrete.png,assets/block/gray_concrete.png
gray_concrete_powder.png,gray_concrete_powder.png,assets/block/gray_concrete_powder.png
gray_glazed_terracotta.png,gray_glazed_terracotta.png,assets/block/gray_glazed_terracotta.png
gray_shulker_box.png,gray_shulker_box.png,assets/block/gray_shulker_box.png
gray_stained_glass.png,gray_stained_glass.png,assets/block/gray_stained_glass.png
gray_stained_glass_pane_top.png,gray_stained_glass_pane_top.png,assets/block/gray_stained_glass_pane_top.png
gray_terracotta.png,gray_terracotta.png,assets/block/gray_terracotta.png
gray_wool.png,gray_wool.png,assets/block/gray_wool.png
green_candle.png,green_candle.png,assets/block/green_candle.png
green_candle_lit.png,green_candle_lit.png,assets/block/green_candle_lit.png
green_concrete.png,green_concrete.png,assets/block/green_concrete.png
green_concrete_powder.png,green_concrete_powder.png,assets/block/green_concrete_powder.png
green_glazed_terracotta.png,green_glazed_terracotta.png,assets/block/green_glazed_terracotta.png
green_shulker_box.png,green_shulker_box.png,assets/block/green_shulker_box.png
green_stained_glass.png,green_stained_glass.png,assets/block/green_stained_glass.png
green_stained_glass_pane_top.png,green_stained_glass_pane_top.png,assets/block/green_stained_glass_pane_top.png
green_terracotta.png,green_terracotta.png,assets/block/green_terracotta.png
green_wool.png,green_wool.png,assets/block/green_wool.png
grindstone_pivot.png,grindstone_pivot.png,assets/block/grindstone_pivot.png
grindstone_round.png,grindstone_round.png,assets/block/grindstone_round.png
grindstone_side.png,grindstone_side.png,assets/block/grindstone_side.png
hanging_roots.png,hanging_roots.png,assets/block/hanging_roots.png
hay_block_side.png,hay_block_side.png,assets/block/hay_block_side.png
hay_block_top.png,hay_block_top.png,assets/block/hay_block_top.png
heavy_core.png,heavy_core.png,assets/block/heavy_core.png
honey_block_bottom.png,honey_block_bottom.png,assets/block/honey_block_bottom.png
honey_block_side.png,honey_block_side.png,assets/block/honey_block_side.png
honey_block_top.png,honey_block_top.png,assets/block/honey_block_top.png
honeycomb_block.png,honeycomb_block.png,assets/block/honeycomb_block.png
hopper_inside.png,hopper_inside.png,assets/block/hopper_inside.png
hopper_outside.png,hopper_outside.png,assets/block/hopper_outside.png
hopper_top.png,hopper_top.png,assets/block/hopper_top.png
horn_coral.png,horn_coral.png,assets/block/horn_coral.png
horn_coral_block.png,horn_coral_block.png,assets/block/horn_coral_block.png
horn_coral_fan.png,horn_coral_fan.png,assets/block/horn_coral_fan.png
ice.png,ice.png,assets/block/ice.png
iron_bars.png,iron_bars.png,assets/block/iron_bars.png
iron_block.png,iron_block.png,assets/block/iron_block.png
iron_door_bottom.png,iron_door_bottom.png,assets/block/iron_door_bottom.png
iron_door_top.png,iron_door_top.png,assets/block/iron_door_top.png
iron_ore.png,iron_ore.png,assets/block/iron_ore.png
iron_trapdoor.png,iron_trapdoor.png,assets/block/iron_trapdoor.png
item_frame.png,item_frame.png,assets/block/item_frame.png
jack_o_lantern.png,jack_o_lantern.png,assets/block/jack_o_lantern.png
jigsaw_bottom.png,jigsaw_bottom.png,assets/block/jigsaw_bottom.png
jigsaw_lock.png,jigsaw_lock.png,assets/block/jigsaw_lock.png
jigsaw_side.png,jigsaw_side.png,assets/block/jigsaw_side.png
jigsaw_top.png,jigsaw_top.png,assets/block/jigsaw_top.png
jukebox_side.png,jukebox_side.png,assets/block/jukebox_side.png
jukebox_top.png,jukebox_top.png,assets/block/jukebox_top.png
jungle_door_bottom.png,jungle_door_bottom.png,assets/block/jungle_door_bottom.png
jungle_door_top.png,jungle_door_top.png,assets/block/jungle_door_top.png
jungle_leaves.png,jungle_leaves.png,assets/block/jungle_leaves.png
jungle_log.png,jungle_log.png,assets/block/jungle_log.png
jungle_log_top.png,jungle_log_top.png,assets/block/jungle_log_top.png
jungle_planks.png,jungle_planks.png,assets/block/jungle_planks.png
jungle_sapling.png,jungle_sapling.png,assets/block/jungle_sapling.png
jungle_trapdoor.png,jungle_trapdoor.png,assets/block/jungle_trapdoor.png
kelp.png,kelp.png,assets/block/kelp.png
kelp.png.mcmeta,kelp.png.mcmeta,assets/block/kelp.png.mcmeta
kelp_plant.png,kelp_plant.png,assets/block/kelp_plant.png
kelp_plant.png.mcmeta,kelp_plant.png.mcmeta,assets/block/kelp_plant.png.mcmeta
ladder.png,ladder.png,assets/block/ladder.png
lantern.png,lantern.png,assets/block/lantern.png
lantern.png.mcmeta,lantern.png.mcmeta,assets/block/lantern.png.mcmeta
lapis_block.png,lapis_block.png,assets/block/lapis_block.png
lapis_ore.png,lapis_ore.png,assets/block/lapis_ore.png
large_amethyst_bud.png,large_amethyst_bud.png,assets/block/large_amethyst_bud.png
large_fern_bottom.png,large_fern_bottom.png,assets/block/large_fern_bottom.png
large_fern_top.png,large_fern_top.png,assets/block/large_fern_top.png
lava_flow.png,lava_flow.png,assets/block/lava_flow.png
lava_flow.png.mcmeta,lava_flow.png.mcmeta,assets/block/lava_flow.png.mcmeta
lava_still.png,lava_still.png,assets/block/lava_still.png
lava_still.png.mcmeta,lava_still.png.mcmeta,assets/block/lava_still.png.mcmeta
leaf_litter.png,leaf_litter.png,assets/block/leaf_litter.png
lectern_base.png,lectern_base.png,assets/block/lectern_base.png
lectern_front.png,lectern_front.png,assets/block/lectern_front.png
lectern_sides.png,lectern_sides.png,assets/block/lectern_sides.png
lectern_top.png,lectern_top.png,assets/block/lectern_top.png
lever.png,lever.png,assets/block/lever.png
light_blue_candle.png,light_blue_candle.png,assets/block/light_blue_candle.png
light_blue_candle_lit.png,light_blue_candle_lit.png,assets/block/light_blue_candle_lit.png
light_blue_concrete.png,light_blue_concrete.png,assets/block/light_blue_concrete.png
light_blue_concrete_powder.png,light_blue_concrete_powder.png,assets/block/light_blue_concrete_powder.png
light_blue_glazed_terracotta.png,light_blue_glazed_terracotta.png,assets/block/light_blue_glazed_terracotta.png
light_blue_shulker_box.png,light_blue_shulker_box.png,assets/block/light_blue_shulker_box.png
light_blue_stained_glass.png,light_blue_stained_glass.png,assets/block/light_blue_stained_glass.png
light_blue_stained_glass_pane_top.png,light_blue_stained_glass_pane_top.png,assets/block/light_blue_stained_glass_pane_top.png
light_blue_terracotta.png,light_blue_terracotta.png,assets/block/light_blue_terracotta.png
light_blue_wool.png,light_blue_wool.png,assets/block/light_blue_wool.png
light_gray_candle.png,light_gray_candle.png,assets/block/light_gray_candle.png
light_gray_candle_lit.png,light_gray_candle_lit.png,assets/block/light_gray_candle_lit.png
light_gray_concrete.png,light_gray_concrete.png,assets/block/light_gray_concrete.png
light_gray_concrete_powder.png,light_gray_concrete_powder.png,assets/block/light_gray_concrete_powder.png
light_gray_glazed_terracotta.png,light_gray_glazed_terracotta.png,assets/block/light_gray_glazed_terracotta.png
light_gray_shulker_box.png,light_gray_shulker_box.png,assets/block/light_gray_shulker_box.png
light_gray_stained_glass.png,light_gray_stained_glass.png,assets/block/light_gray_stained_glass.png
light_gray_stained_glass_pane_top.png,light_gray_stained_glass_pane_top.png,assets/block/light_gray_stained_glass_pane_top.png
light_gray_terracotta.png,light_gray_terracotta.png,assets/block/light_gray_terracotta.png
light_gray_wool.png,light_gray_wool.png,assets/block/light_gray_wool.png
lightning_rod.png,lightning_rod.png,assets/block/lightning_rod.png
lilac_bottom.png,lilac_bottom.png,assets/block/lilac_bottom.png
lilac_top.png,lilac_top.png,assets/block/lilac_top.png
lily_of_the_valley.png,lily_of_the_valley.png,assets/block/lily_of_the_valley.png
lily_pad.png,lily_pad.png,assets/block/lily_pad.png
lime_candle.png,lime_candle.png,assets/block/lime_candle.png
lime_candle_lit.png,lime_candle_lit.png,assets/block/lime_candle_lit.png
lime_concrete.png,lime_concrete.png,assets/block/lime_concrete.png
lime_concrete_powder.png,lime_concrete_powder.png,assets/block/lime_concrete_powder.png
lime_glazed_terracotta.png,lime_glazed_terracotta.png,assets/block/lime_glazed_terracotta.png
lime_shulker_box.png,lime_shulker_box.png,assets/block/lime_shulker_box.png
lime_stained_glass.png,lime_stained_glass.png,assets/block/lime_stained_glass.png
lime_stained_glass_pane_top.png,lime_stained_glass_pane_top.png,assets/block/lime_stained_glass_pane_top.png
lime_terracotta.png,lime_terracotta.png,assets/block/lime_terracotta.png
lime_wool.png,lime_wool.png,assets/block/lime_wool.png
lodestone_side.png,lodestone_side.png,assets/block/lodestone_side.png
lodestone_top.png,lodestone_top.png,assets/block/lodestone_top.png
loom_bottom.png,loom_bottom.png,assets/block/loom_bottom.png
loom_front.png,loom_front.png,assets/block/loom_front.png
loom_side.png,loom_side.png,assets/block/loom_side.png
loom_top.png,loom_top.png,assets/block/loom_top.png
magenta_candle.png,magenta_candle.png,assets/block/magenta_candle.png
magenta_candle_lit.png,magenta_candle_lit.png,assets/block/magenta_candle_lit.png
magenta_concrete.png,magenta_concrete.png,assets/block/magenta_concrete.png
magenta_concrete_powder.png,magenta_concrete_powder.png,assets/block/magenta_concrete_powder.png
magenta_glazed_terracotta.png,magenta_glazed_terracotta.png,assets/block/magenta_glazed_terracotta.png
magenta_shulker_box.png,magenta_shulker_box.png,assets/block/magenta_shulker_box.png
magenta_stained_glass.png,magenta_stained_glass.png,assets/block/magenta_stained_glass.png
magenta_stained_glass_pane_top.png,magenta_stained_glass_pane_top.png,assets/block/magenta_stained_glass_pane_top.png
magenta_terracotta.png,magenta_terracotta.png,assets/block/magenta_terracotta.png
magenta_wool.png,magenta_wool.png,assets/block/magenta_wool.png
magma.png,magma.png,assets/block/magma.png
magma.png.mcmeta,magma.png.mcmeta,assets/block/magma.png.mcmeta
mangrove_door_bottom.png,mangrove_door_bottom.png,assets/block/mangrove_door_bottom.png
mangrove_door_top.png,mangrove_door_top.png,assets/block/mangrove_door_top.png
mangrove_leaves.png,mangrove_leaves.png,assets/block/mangrove_leaves.png
mangrove_log.png,mangrove_log.png,assets/block/mangrove_log.png
mangrove_log_top.png,mangrove_log_top.png,assets/block/mangrove_log_top.png
mangrove_planks.png,mangrove_planks.png,assets/block/mangrove_planks.png
mangrove_propagule.png,mangrove_propagule.png,assets/block/mangrove_propagule.png
mangrove_propagule_hanging.png,mangrove_propagule_hanging.png,assets/block/mangrove_propagule_hanging.png
mangrove_roots_side.png,mangrove_roots_side.png,assets/block/mangrove_roots_side.png
mangrove_roots_top.png,mangrove_roots_top.png,assets/block/mangrove_roots_top.png
mangrove_trapdoor.png,mangrove_trapdoor.png,assets/block/mangrove_trapdoor.png
medium_amethyst_bud.png,medium_amethyst_bud.png,assets/block/medium_amethyst_bud.png
melon_side.png,melon_side.png,assets/block/melon_side.png
melon_stem.png,melon_stem.png,assets/block/melon_stem.png
melon_top.png,melon_top.png,assets/block/melon_top.png
moss_block.png,moss_block.png,assets/block/moss_block.png
mossy_cobblestone.png,mossy_cobblestone.png,assets/block/mossy_cobblestone.png
mossy_stone_bricks.png,mossy_stone_bricks.png,assets/block/mossy_stone_bricks.png
mud.png,mud.png,assets/block/mud.png
mud_bricks.png,mud_bricks.png,assets/block/mud_bricks.png
muddy_mangrove_roots_side.png,muddy_mangrove_roots_side.png,assets/block/muddy_mangrove_roots_side.png
muddy_mangrove_roots_top.png,muddy_mangrove_roots_top.png,assets/block/muddy_mangrove_roots_top.png
mushroom_block_inside.png,mushroom_block_inside.png,assets/block/mushroom_block_inside.png
mushroom_stem.png,mushroom_stem.png,assets/block/mushroom_stem.png
mycelium_side.png,mycelium_side.png,assets/block/mycelium_side.png
mycelium_top.png,mycelium_top.png,assets/block/mycelium_top.png
nether_bricks.png,nether_bricks.png,assets/block/nether_bricks.png
nether_gold_ore.png,nether_gold_ore.png,assets/block/nether_gold_ore.png
nether_portal.png,nether_portal.png,assets/block/nether_portal.png
nether_portal.png.mcmeta,nether_portal.png.mcmeta,assets/block/nether_portal.png.mcmeta
nether_quartz_ore.png,nether_quartz_ore.png,assets/block/nether_quartz_ore.png
nether_sprouts.png,nether_sprouts.png,assets/block/nether_sprouts.png
nether_wart_block.png,nether_wart_block.png,assets/block/nether_wart_block.png
nether_wart_stage0.png,nether_wart_stage0.png,assets/block/nether_wart_stage0.png
nether_wart_stage1.png,nether_wart_stage1.png,assets/block/nether_wart_stage1.png
nether_wart_stage2.png,nether_wart_stage2.png,assets/block/nether_wart_stage2.png
netherite_block.png,netherite_block.png,assets/block/netherite_block.png
netherrack.png,netherrack.png,assets/block/netherrack.png
note_block.png,note_block.png,assets/block/note_block.png
oak_door_bottom.png,oak_door_bottom.png,assets/block/oak_door_bottom.png
oak_door_top.png,oak_door_top.png,assets/block/oak_door_top.png
oak_leaves.png,oak_leaves.png,assets/block/oak_leaves.png
oak_log.png,oak_log.png,assets/block/oak_log.png
oak_log_top.png,oak_log_top.png,assets/block/oak_log_top.png
oak_planks.png,oak_planks.png,assets/block/oak_planks.png
oak_sapling.png,oak_sapling.png,assets/block/oak_sapling.png
oak_trapdoor.png,oak_trapdoor.png,assets/block/oak_trapdoor.png
observer_back.png,observer_back.png,assets/block/observer_back.png
observer_back_on.png,observer_back_on.png,assets/block/observer_back_on.png
observer_front.png,observer_front.png,assets/block/observer_front.png
observer_side.png,observer_side.png,assets/block/observer_side.png
observer_top.png,observer_top.png,assets/block/observer_top.png
obsidian.png,obsidian.png,assets/block/obsidian.png
ochre_froglight_side.png,ochre_froglight_side.png,assets/block/ochre_froglight_side.png
ochre_froglight_top.png,ochre_froglight_top.png,assets/block/ochre_froglight_top.png
open_eyeblossom.png,open_eyeblossom.png,assets/block/open_eyeblossom.png
open_eyeblossom_emissive.png,open_eyeblossom_emissive.png,assets/block/open_eyeblossom_emissive.png
orange_candle.png,orange_candle.png,assets/block/orange_candle.png
orange_candle_lit.png,orange_candle_lit.png,assets/block/orange_candle_lit.png
orange_concrete.png,orange_concrete.png,assets/block/orange_concrete.png
orange_concrete_powder.png,orange_concrete_powder.png,assets/block/orange_concrete_powder.png
orange_glazed_terracotta.png,orange_glazed_terracotta.png,assets/block/orange_glazed_terracotta.png
orange_shulker_box.png,orange_shulker_box.png,assets/block/orange_shulker_box.png
orange_stained_glass.png,orange_stained_glass.png,assets/block/orange_stained_glass.png
orange_stained_glass_pane_top.png,orange_stained_glass_pane_top.png,assets/block/orange_stained_glass_pane_top.png
orange_terracotta.png,orange_terracotta.png,assets/block/orange_terracotta.png
orange_tulip.png,orange_tulip.png,assets/block/orange_tulip.png
orange_wool.png,orange_wool.png,assets/block/orange_wool.png
oxeye_daisy.png,oxeye_daisy.png,assets/block/oxeye_daisy.png
oxidized_chiseled_copper.png,oxidized_chiseled_copper.png,assets/block/oxidized_chiseled_copper.png
oxidized_copper.png,oxidized_copper.png,assets/block/oxidized_copper.png
oxidized_copper_bulb.png,oxidized_copper_bulb.png,assets/block/oxidized_copper_bulb.png
oxidized_copper_bulb_lit.png,oxidized_copper_bulb_lit.png,assets/block/oxidized_copper_bulb_lit.png
oxidized_copper_bulb_lit_powered.png,oxidized_copper_bulb_lit_powered.png,assets/block/oxidized_copper_bulb_lit_powered.png
oxidized_copper_bulb_powered.png,oxidized_copper_bulb_powered.png,assets/block/oxidized_copper_bulb_powered.png
oxidized_copper_door_bottom.png,oxidized_copper_door_bottom.png,assets/block/oxidized_copper_door_bottom.png
oxidized_copper_door_top.png,oxidized_copper_door_top.png,assets/block/oxidized_copper_door_top.png
oxidized_copper_grate.png,oxidized_copper_grate.png,assets/block/oxidized_copper_grate.png
oxidized_copper_trapdoor.png,oxidized_copper_trapdoor.png,assets/block/oxidized_copper_trapdoor.png
oxidized_cut_copper.png,oxidized_cut_copper.png,assets/block/oxidized_cut_copper.png
packed_ice.png,packed_ice.png,assets/block/packed_ice.png
packed_mud.png,packed_mud.png,assets/block/packed_mud.png
pale_hanging_moss.png,pale_hanging_moss.png,assets/block/pale_hanging_moss.png
pale_hanging_moss_tip.png,pale_hanging_moss_tip.png,assets/block/pale_hanging_moss_tip.png
pale_moss_block.png,pale_moss_block.png,assets/block/pale_moss_block.png
pale_moss_carpet.png,pale_moss_carpet.png,assets/block/pale_moss_carpet.png
pale_moss_carpet_side_small.png,pale_moss_carpet_side_small.png,assets/block/pale_moss_carpet_side_small.png
pale_moss_carpet_side_tall.png,pale_moss_carpet_side_tall.png,assets/block/pale_moss_carpet_side_tall.png
pale_oak_door_bottom.png,pale_oak_door_bottom.png,assets/block/pale_oak_door_bottom.png
pale_oak_door_top.png,pale_oak_door_top.png,assets/block/pale_oak_door_top.png
pale_oak_leaves.png,pale_oak_leaves.png,assets/block/pale_oak_leaves.png
pale_oak_log.png,pale_oak_log.png,assets/block/pale_oak_log.png
pale_oak_log_top.png,pale_oak_log_top.png,assets/block/pale_oak_log_top.png
pale_oak_planks.png,pale_oak_planks.png,assets/block/pale_oak_planks.png
pale_oak_sapling.png,pale_oak_sapling.png,assets/block/pale_oak_sapling.png
pale_oak_trapdoor.png,pale_oak_trapdoor.png,assets/block/pale_oak_trapdoor.png
pearlescent_froglight_side.png,pearlescent_froglight_side.png,assets/block/pearlescent_froglight_side.png
pearlescent_froglight_top.png,pearlescent_froglight_top.png,assets/block/pearlescent_froglight_top.png
peony_bottom.png,peony_bottom.png,assets/block/peony_bottom.png
peony_top.png,peony_top.png,assets/block/peony_top.png
pink_candle.png,pink_candle.png,assets/block/pink_candle.png
pink_candle_lit.png,pink_candle_lit.png,assets/block/pink_candle_lit.png
pink_concrete.png,pink_concrete.png,assets/block/pink_concrete.png
pink_concrete_powder.png,pink_concrete_powder.png,assets/block/pink_concrete_powder.png
pink_glazed_terracotta.png,pink_glazed_terracotta.png,assets/block/pink_glazed_terracotta.png
pink_petals.png,pink_petals.png,assets/block/pink_petals.png
pink_petals_stem.png,pink_petals_stem.png,assets/block/pink_petals_stem.png
pink_shulker_box.png,pink_shulker_box.png,assets/block/pink_shulker_box.png
pink_stained_glass.png,pink_stained_glass.png,assets/block/pink_stained_glass.png
pink_stained_glass_pane_top.png,pink_stained_glass_pane_top.png,assets/block/pink_stained_glass_pane_top.png
pink_terracotta.png,pink_terracotta.png,assets/block/pink_terracotta.png
pink_tulip.png,pink_tulip.png,assets/block/pink_tulip.png
pink_wool.png,pink_wool.png,assets/block/pink_wool.png
piston_bottom.png,piston_bottom.png,assets/block/piston_bottom.png
piston_inner.png,piston_inner.png,assets/block/piston_inner.png
piston_side.png,piston_side.png,assets/block/piston_side.png
piston_top.png,piston_top.png,assets/block/piston_top.png
piston_top_sticky.png,piston_top_sticky.png,assets/block/piston_top_sticky.png
pitcher_crop_bottom.png,pitcher_crop_bottom.png,assets/block/pitcher_crop_bottom.png
pitcher_crop_bottom_stage_1.png,pitcher_crop_bottom_stage_1.png,assets/block/pitcher_crop_bottom_stage_1.png
pitcher_crop_bottom_stage_2.png,pitcher_crop_bottom_stage_2.png,assets/block/pitcher_crop_bottom_stage_2.png
pitcher_crop_bottom_stage_3.png,pitcher_crop_bottom_stage_3.png,assets/block/pitcher_crop_bottom_stage_3.png
pitcher_crop_bottom_stage_4.png,pitcher_crop_bottom_stage_4.png,assets/block/pitcher_crop_bottom_stage_4.png
pitcher_crop_side.png,pitcher_crop_side.png,assets/block/pitcher_crop_side.png
pitcher_crop_top.png,pitcher_crop_top.png,assets/block/pitcher_crop_top.png
pitcher_crop_top_stage_3.png,pitcher_crop_top_stage_3.png,assets/block/pitcher_crop_top_stage_3.png
pitcher_crop_top_stage_4.png,pitcher_crop_top_stage_4.png,assets/block/pitcher_crop_top_stage_4.png
podzol_side.png,podzol_side.png,assets/block/podzol_side.png
podzol_top.png,podzol_top.png,assets/block/podzol_top.png
pointed_dripstone_down_base.png,pointed_dripstone_down_base.png,assets/block/pointed_dripstone_down_base.png
pointed_dripstone_down_frustum.png,pointed_dripstone_down_frustum.png,assets/block/pointed_dripstone_down_frustum.png
pointed_dripstone_down_middle.png,pointed_dripstone_down_middle.png,assets/block/pointed_dripstone_down_middle.png
pointed_dripstone_down_tip.png,pointed_dripstone_down_tip.png,assets/block/pointed_dripstone_down_tip.png
pointed_dripstone_down_tip_merge.png,pointed_dripstone_down_tip_merge.png,assets/block/pointed_dripstone_down_tip_merge.png
pointed_dripstone_up_base.png,pointed_dripstone_up_base.png,assets/block/pointed_dripstone_up_base.png
pointed_dripstone_up_frustum.png,pointed_dripstone_up_frustum.png,assets/block/pointed_dripstone_up_frustum.png
pointed_dripstone_up_middle.png,pointed_dripstone_up_middle.png,assets/block/pointed_dripstone_up_middle.png
pointed_dripstone_up_tip.png,pointed_dripstone_up_tip.png,assets/block/pointed_dripstone_up_tip.png
pointed_dripstone_up_tip_merge.png,pointed_dripstone_up_tip_merge.png,assets/block/pointed_dripstone_up_tip_merge.png
polished_andesite.png,polished_andesite.png,assets/block/polished_andesite.png
polished_basalt_side.png,polished_basalt_side.png,assets/block/polished_basalt_side.png
polished_basalt_top.png,polished_basalt_top.png,assets/block/polished_basalt_top.png
polished_blackstone.png,polished_blackstone.png,assets/block/polished_blackstone.png
polished_blackstone_bricks.png,polished_blackstone_bricks.png,assets/block/polished_blackstone_bricks.png
polished_deepslate.png,polished_deepslate.png,assets/block/polished_deepslate.png
polished_diorite.png,polished_diorite.png,assets/block/polished_diorite.png
polished_granite.png,polished_granite.png,assets/block/polished_granite.png
polished_tuff.png,polished_tuff.png,assets/block/polished_tuff.png
poppy.png,poppy.png,assets/block/poppy.png
potatoes_stage0.png,potatoes_stage0.png,assets/block/potatoes_stage0.png
potatoes_stage1.png,potatoes_stage1.png,assets/block/potatoes_stage1.png
potatoes_stage2.png,potatoes_stage2.png,assets/block/potatoes_stage2.png
potatoes_stage3.png,potatoes_stage3.png,assets/block/potatoes_stage3.png
potted_azalea_bush_plant.png,potted_azalea_bush_plant.png,assets/block/potted_azalea_bush_plant.png
potted_azalea_bush_side.png,potted_azalea_bush_side.png,assets/block/potted_azalea_bush_side.png
potted_azalea_bush_top.png,potted_azalea_bush_top.png,assets/block/potted_azalea_bush_top.png
potted_flowering_azalea_bush_plant.png,potted_flowering_azalea_bush_plant.png,assets/block/potted_flowering_azalea_bush_plant.png
potted_flowering_azalea_bush_side.png,potted_flowering_azalea_bush_side.png,assets/block/potted_flowering_azalea_bush_side.png
potted_flowering_azalea_bush_top.png,potted_flowering_azalea_bush_top.png,assets/block/potted_flowering_azalea_bush_top.png
powder_snow.png,powder_snow.png,assets/block/powder_snow.png
powered_rail.png,powered_rail.png,assets/block/powered_rail.png
powered_rail_on.png,powered_rail_on.png,assets/block/powered_rail_on.png
prismarine.png,prismarine.png,assets/block/prismarine.png
prismarine.png.mcmeta,prismarine.png.mcmeta,assets/block/prismarine.png.mcmeta
prismarine_bricks.png,prismarine_bricks.png,assets/block/prismarine_bricks.png
pumpkin_side.png,pumpkin_side.png,assets/block/pumpkin_side.png
pumpkin_stem.png,pumpkin_stem.png,assets/block/pumpkin_stem.png
pumpkin_top.png,pumpkin_top.png,assets/block/pumpkin_top.png
purple_candle.png,purple_candle.png,assets/block/purple_candle.png
purple_candle_lit.png,purple_candle_lit.png,assets/block/purple_candle_lit.png
purple_concrete.png,purple_concrete.png,assets/block/purple_concrete.png
purple_concrete_powder.png,purple_concrete_powder.png,assets/block/purple_concrete_powder.png
purple_glazed_terracotta.png,purple_glazed_terracotta.png,assets/block/purple_glazed_terracotta.png
purple_shulker_box.png,purple_shulker_box.png,assets/block/purple_shulker_box.png
purple_stained_glass.png,purple_stained_glass.png,assets/block/purple_stained_glass.png
purple_stained_glass_pane_top.png,purple_stained_glass_pane_top.png,assets/block/purple_stained_glass_pane_top.png
purple_terracotta.png,purple_terracotta.png,assets/block/purple_terracotta.png
purple_wool.png,purple_wool.png,assets/block/purple_wool.png
purpur_block.png,purpur_block.png,assets/block/purpur_block.png
purpur_pillar.png,purpur_pillar.png,assets/block/purpur_pillar.png
purpur_pillar_top.png,purpur_pillar_top.png,assets/block/purpur_pillar_top.png
quartz_block_bottom.png,quartz_block_bottom.png,assets/block/quartz_block_bottom.png
quartz_block_side.png,quartz_block_side.png,assets/block/quartz_block_side.png
quartz_block_top.png,quartz_block_top.png,assets/block/quartz_block_top.png
quartz_bricks.png,quartz_bricks.png,assets/block/quartz_bricks.png
quartz_pillar.png,quartz_pillar.png,assets/block/quartz_pillar.png
quartz_pillar_top.png,quartz_pillar_top.png,assets/block/quartz_pillar_top.png
rail.png,rail.png,assets/block/rail.png
rail_corner.png,rail_corner.png,assets/block/rail_corner.png
raw_copper_block.png,raw_copper_block.png,assets/block/raw_copper_block.png
raw_gold_block.png,raw_gold_block.png,assets/block/raw_gold_block.png
raw_iron_block.png,raw_iron_block.png,assets/block/raw_iron_block.png
red_candle.png,red_candle.png,assets/block/red_candle.png
red_candle_lit.png,red_candle_lit.png,assets/block/red_candle_lit.png
red_concrete.png,red_concrete.png,assets/block/red_concrete.png
red_concrete_powder.png,red_concrete_powder.png,assets/block/red_concrete_powder.png
red_glazed_terracotta.png,red_glazed_terracotta.png,assets/block/red_glazed_terracotta.png
red_mushroom.png,red_mushroom.png,assets/block/red_mushroom.png
red_mushroom_block.png,red_mushroom_block.png,assets/block/red_mushroom_block.png
red_nether_bricks.png,red_nether_bricks.png,assets/block/red_nether_bricks.png
red_sand.png,red_sand.png,assets/block/red_sand.png
red_sandstone.png,red_sandstone.png,assets/block/red_sandstone.png
red_sandstone_bottom.png,red_sandstone_bottom.png,assets/block/red_sandstone_bottom.png
red_sandstone_top.png,red_sandstone_top.png,assets/block/red_sandstone_top.png
red_shulker_box.png,red_shulker_box.png,assets/block/red_shulker_box.png
red_stained_glass.png,red_stained_glass.png,assets/block/red_stained_glass.png
red_stained_glass_pane_top.png,red_stained_glass_pane_top.png,assets/block/red_stained_glass_pane_top.png
red_terracotta.png,red_terracotta.png,assets/block/red_terracotta.png
red_tulip.png,red_tulip.png,assets/block/red_tulip.png
red_wool.png,red_wool.png,assets/block/red_wool.png
redstone_block.png,redstone_block.png,assets/block/redstone_block.png
redstone_dust_dot.png,redstone_dust_dot.png,assets/block/redstone_dust_dot.png
redstone_dust_line0.png,redstone_dust_line0.png,assets/block/redstone_dust_line0.png
redstone_dust_line1.png,redstone_dust_line1.png,assets/block/redstone_dust_line1.png
redstone_lamp.png,redstone_lamp.png,assets/block/redstone_lamp.png
redstone_lamp_on.png,redstone_lamp_on.png,assets/block/redstone_lamp_on.png
redstone_ore.png,redstone_ore.png,assets/block/redstone_ore.png
redstone_torch.png,redstone_torch.png,assets/block/redstone_torch.png
redstone_torch_off.png,redstone_torch_off.png,assets/block/redstone_torch_off.png
reinforced_deepslate_bottom.png,reinforced_deepslate_bottom.png,assets/block/reinforced_deepslate_bottom.png
reinforced_deepslate_side.png,reinforced_deepslate_side.png,assets/block/reinforced_deepslate_side.png
reinforced_deepslate_top.png,reinforced_deepslate_top.png,assets/block/reinforced_deepslate_top.png
repeater.png,repeater.png,assets/block/repeater.png
repeater_on.png,repeater_on.png,assets/block/repeater_on.png
repeating_command_block_back.png,repeating_command_block_back.png,assets/block/repeating_command_block_back.png
repeating_command_block_back.png.mcmeta,repeating_command_block_back.png.mcmeta,assets/block/repeating_command_block_back.png.mcmeta
repeating_command_block_conditional.png,repeating_command_block_conditional.png,assets/block/repeating_command_block_conditional.png
repeating_command_block_conditional.png.mcmeta,repeating_command_block_conditional.png.mcmeta,assets/block/repeating_command_block_conditional.png.mcmeta
repeating_command_block_front.png,repeating_command_block_front.png,assets/block/repeating_command_block_front.png
repeating_command_block_front.png.mcmeta,repeating_command_block_front.png.mcmeta,assets/block/repeating_command_block_front.png.mcmeta
repeating_command_block_side.png,repeating_command_block_side.png,assets/block/repeating_command_block_side.png
repeating_command_block_side.png.mcmeta,repeating_command_block_side.png.mcmeta,assets/block/repeating_command_block_side.png.mcmeta
resin_block.png,resin_block.png,assets/block/resin_block.png
resin_bricks.png,resin_bricks.png,assets/block/resin_bricks.png
resin_clump.png,resin_clump.png,assets/block/resin_clump.png
respawn_anchor_bottom.png,respawn_anchor_bottom.png,assets/block/respawn_anchor_bottom.png
respawn_anchor_side0.png,respawn_anchor_side0.png,assets/block/respawn_anchor_side0.png
respawn_anchor_side1.png,respawn_anchor_side1.png,assets/block/respawn_anchor_side1.png
respawn_anchor_side2.png,respawn_anchor_side2.png,assets/block/respawn_anchor_side2.png
respawn_anchor_side3.png,respawn_anchor_side3.png,assets/block/respawn_anchor_side3.png
respawn_anchor_side4.png,respawn_anchor_side4.png,assets/block/respawn_anchor_side4.png
respawn_anchor_top.png,respawn_anchor_top.png,assets/block/respawn_anchor_top.png
respawn_anchor_top.png.mcmeta,respawn_anchor_top.png.mcmeta,assets/block/respawn_anchor_top.png.mcmeta
respawn_anchor_top_off.png,respawn_anchor_top_off.png,assets/block/respawn_anchor_top_off.png
rooted_dirt.png,rooted_dirt.png,assets/block/rooted_dirt.png
rose_bush_bottom.png,rose_bush_bottom.png,assets/block/rose_bush_bottom.png
rose_bush_top.png,rose_bush_top.png,assets/block/rose_bush_top.png
sand.png,sand.png,assets/block/sand.png
sandstone.png,sandstone.png,assets/block/sandstone.png
sandstone_bottom.png,sandstone_bottom.png,assets/block/sandstone_bottom.png
sandstone_top.png,sandstone_top.png,assets/block/sandstone_top.png
scaffolding_bottom.png,scaffolding_bottom.png,assets/block/scaffolding_bottom.png
scaffolding_side.png,scaffolding_side.png,assets/block/scaffolding_side.png
scaffolding_top.png,scaffolding_top.png,assets/block/scaffolding_top.png
sculk.png,sculk.png,assets/block/sculk.png
sculk.png.mcmeta,sculk.png.mcmeta,assets/block/sculk.png.mcmeta
sculk_catalyst_bottom.png,sculk_catalyst_bottom.png,assets/block/sculk_catalyst_bottom.png
sculk_catalyst_side.png,sculk_catalyst_side.png,assets/block/sculk_catalyst_side.png
sculk_catalyst_side_bloom.png,sculk_catalyst_side_bloom.png,assets/block/sculk_catalyst_side_bloom.png
sculk_catalyst_side_bloom.png.mcmeta,sculk_catalyst_side_bloom.png.mcmeta,assets/block/sculk_catalyst_side_bloom.png.mcmeta
sculk_catalyst_top.png,sculk_catalyst_top.png,assets/block/sculk_catalyst_top.png
sculk_catalyst_top_bloom.png,sculk_catalyst_top_bloom.png,assets/block/sculk_catalyst_top_bloom.png
sculk_catalyst_top_bloom.png.mcmeta,sculk_catalyst_top_bloom.png.mcmeta,assets/block/sculk_catalyst_top_bloom.png.mcmeta
sculk_sensor_bottom.png,sculk_sensor_bottom.png,assets/block/sculk_sensor_bottom.png
sculk_sensor_side.png,sculk_sensor_side.png,assets/block/sculk_sensor_side.png
sculk_sensor_tendril_active.png,sculk_sensor_tendril_active.png,assets/block/sculk_sensor_tendril_active.png
sculk_sensor_tendril_active.png.mcmeta,sculk_sensor_tendril_active.png.mcmeta,assets/block/sculk_sensor_tendril_active.png.mcmeta
sculk_sensor_tendril_inactive.png,sculk_sensor_tendril_inactive.png,assets/block/sculk_sensor_tendril_inactive.png
sculk_sensor_tendril_inactive.png.mcmeta,sculk_sensor_tendril_inactive.png.mcmeta,assets/block/sculk_sensor_tendril_inactive.png.mcmeta
sculk_sensor_top.png,sculk_sensor_top.png,assets/block/sculk_sensor_top.png
sculk_shrieker_bottom.png,sculk_shrieker_bottom.png,assets/block/sculk_shrieker_bottom.png
sculk_shrieker_can_summon_inner_top.png,sculk_shrieker_can_summon_inner_top.png,assets/block/sculk_shrieker_can_summon_inner_top.png
sculk_shrieker_can_summon_inner_top.png.mcmeta,sculk_shrieker_can_summon_inner_top.png.mcmeta,assets/block/sculk_shrieker_can_summon_inner_top.png.mcmeta
sculk_shrieker_inner_top.png,sculk_shrieker_inner_top.png,assets/block/sculk_shrieker_inner_top.png
sculk_shrieker_inner_top.png.mcmeta,sculk_shrieker_inner_top.png.mcmeta,assets/block/sculk_shrieker_inner_top.png.mcmeta
sculk_shrieker_side.png,sculk_shrieker_side.png,assets/block/sculk_shrieker_side.png
sculk_shrieker_top.png,sculk_shrieker_top.png,assets/block/sculk_shrieker_top.png
sculk_vein.png,sculk_vein.png,assets/block/sculk_vein.png
sculk_vein.png.mcmeta,sculk_vein.png.mcmeta,assets/block/sculk_vein.png.mcmeta
sea_lantern.png,sea_lantern.png,assets/block/sea_lantern.png
sea_lantern.png.mcmeta,sea_lantern.png.mcmeta,assets/block/sea_lantern.png.mcmeta
sea_pickle.png,sea_pickle.png,assets/block/sea_pickle.png
seagrass.png,seagrass.png,assets/block/seagrass.png
seagrass.png.mcmeta,seagrass.png.mcmeta,assets/block/seagrass.png.mcmeta
short_dry_grass.png,short_dry_grass.png,assets/block/short_dry_grass.png
short_grass.png,short_grass.png,assets/block/short_grass.png
shroomlight.png,shroomlight.png,assets/block/shroomlight.png
shulker_box.png,shulker_box.png,assets/block/shulker_box.png
slime_block.png,slime_block.png,assets/block/slime_block.png
small_amethyst_bud.png,small_amethyst_bud.png,assets/block/small_amethyst_bud.png
small_dripleaf_side.png,small_dripleaf_side.png,assets/block/small_dripleaf_side.png
small_dripleaf_stem_bottom.png,small_dripleaf_stem_bottom.png,assets/block/small_dripleaf_stem_bottom.png
small_dripleaf_stem_top.png,small_dripleaf_stem_top.png,assets/block/small_dripleaf_stem_top.png
small_dripleaf_top.png,small_dripleaf_top.png,assets/block/small_dripleaf_top.png
smithing_table_bottom.png,smithing_table_bottom.png,assets/block/smithing_table_bottom.png
smithing_table_front.png,smithing_table_front.png,assets/block/smithing_table_front.png
smithing_table_side.png,smithing_table_side.png,assets/block/smithing_table_side.png
smithing_table_top.png,smithing_table_top.png,assets/block/smithing_table_top.png
smoker_bottom.png,smoker_bottom.png,assets/block/smoker_bottom.png
smoker_front.png,smoker_front.png,assets/block/smoker_front.png
smoker_front_on.png,smoker_front_on.png,assets/block/smoker_front_on.png
smoker_front_on.png.mcmeta,smoker_front_on.png.mcmeta,assets/block/smoker_front_on.png.mcmeta
smoker_side.png,smoker_side.png,assets/block/smoker_side.png
smoker_top.png,smoker_top.png,assets/block/smoker_top.png
smooth_basalt.png,smooth_basalt.png,assets/block/smooth_basalt.png
smooth_stone.png,smooth_stone.png,assets/block/smooth_stone.png
smooth_stone_slab_side.png,smooth_stone_slab_side.png,assets/block/smooth_stone_slab_side.png
sniffer_egg_not_cracked_bottom.png,sniffer_egg_not_cracked_bottom.png,assets/block/sniffer_egg_not_cracked_bottom.png
sniffer_egg_not_cracked_east.png,sniffer_egg_not_cracked_east.png,assets/block/sniffer_egg_not_cracked_east.png
sniffer_egg_not_cracked_north.png,sniffer_egg_not_cracked_north.png,assets/block/sniffer_egg_not_cracked_north.png
sniffer_egg_not_cracked_south.png,sniffer_egg_not_cracked_south.png,assets/block/sniffer_egg_not_cracked_south.png
sniffer_egg_not_cracked_top.png,sniffer_egg_not_cracked_top.png,assets/block/sniffer_egg_not_cracked_top.png
sniffer_egg_not_cracked_west.png,sniffer_egg_not_cracked_west.png,assets/block/sniffer_egg_not_cracked_west.png
sniffer_egg_slightly_cracked_bottom.png,sniffer_egg_slightly_cracked_bottom.png,assets/block/sniffer_egg_slightly_cracked_bottom.png
sniffer_egg_slightly_cracked_east.png,sniffer_egg_slightly_cracked_east.png,assets/block/sniffer_egg_slightly_cracked_east.png
sniffer_egg_slightly_cracked_north.png,sniffer_egg_slightly_cracked_north.png,assets/block/sniffer_egg_slightly_cracked_north.png
sniffer_egg_slightly_cracked_south.png,sniffer_egg_slightly_cracked_south.png,assets/block/sniffer_egg_slightly_cracked_south.png
sniffer_egg_slightly_cracked_top.png,sniffer_egg_slightly_cracked_top.png,assets/block/sniffer_egg_slightly_cracked_top.png
sniffer_egg_slightly_cracked_west.png,sniffer_egg_slightly_cracked_west.png,assets/block/sniffer_egg_slightly_cracked_west.png
sniffer_egg_very_cracked_bottom.png,sniffer_egg_very_cracked_bottom.png,assets/block/sniffer_egg_very_cracked_bottom.png
sniffer_egg_very_cracked_east.png,sniffer_egg_very_cracked_east.png,assets/block/sniffer_egg_very_cracked_east.png
sniffer_egg_very_cracked_north.png,sniffer_egg_very_cracked_north.png,assets/block/sniffer_egg_very_cracked_north.png
sniffer_egg_very_cracked_south.png,sniffer_egg_very_cracked_south.png,assets/block/sniffer_egg_very_cracked_south.png
sniffer_egg_very_cracked_top.png,sniffer_egg_very_cracked_top.png,assets/block/sniffer_egg_very_cracked_top.png
sniffer_egg_very_cracked_west.png,sniffer_egg_very_cracked_west.png,assets/block/sniffer_egg_very_cracked_west.png
snow.png,snow.png,assets/block/snow.png
soul_campfire_fire.png,soul_campfire_fire.png,assets/block/soul_campfire_fire.png
soul_campfire_fire.png.mcmeta,soul_campfire_fire.png.mcmeta,assets/block/soul_campfire_fire.png.mcmeta
soul_campfire_log_lit.png,soul_campfire_log_lit.png,assets/block/soul_campfire_log_lit.png
soul_campfire_log_lit.png.mcmeta,soul_campfire_log_lit.png.mcmeta,assets/block/soul_campfire_log_lit.png.mcmeta
soul_fire_0.png,soul_fire_0.png,assets/block/soul_fire_0.png
soul_fire_0.png.mcmeta,soul_fire_0.png.mcmeta,assets/block/soul_fire_0.png.mcmeta
soul_fire_1.png,soul_fire_1.png,assets/block/soul_fire_1.png
soul_fire_1.png.mcmeta,soul_fire_1.png.mcmeta,assets/block/soul_fire_1.png.mcmeta
soul_lantern.png,soul_lantern.png,assets/block/soul_lantern.png
soul_lantern.png.mcmeta,soul_lantern.png.mcmeta,assets/block/soul_lantern.png.mcmeta
soul_sand.png,soul_sand.png,assets/block/soul_sand.png
soul_soil.png,soul_soil.png,assets/block/soul_soil.png
soul_torch.png,soul_torch.png,assets/block/soul_torch.png
spawner.png,spawner.png,assets/block/spawner.png
sponge.png,sponge.png,assets/block/sponge.png
spore_blossom.png,spore_blossom.png,assets/block/spore_blossom.png
spore_blossom_base.png,spore_blossom_base.png,assets/block/spore_blossom_base.png
spruce_door_bottom.png,spruce_door_bottom.png,assets/block/spruce_door_bottom.png
spruce_door_top.png,spruce_door_top.png,assets/block/spruce_door_top.png
spruce_leaves.png,spruce_leaves.png,assets/block/spruce_leaves.png
spruce_log.png,spruce_log.png,assets/block/spruce_log.png
spruce_log_top.png,spruce_log_top.png,assets/block/spruce_log_top.png
spruce_planks.png,spruce_planks.png,assets/block/spruce_planks.png
spruce_sapling.png,spruce_sapling.png,assets/block/spruce_sapling.png
spruce_trapdoor.png,spruce_trapdoor.png,assets/block/spruce_trapdoor.png
stone.png,stone.png,assets/block/stone.png
stone_bricks.png,stone_bricks.png,assets/block/stone_bricks.png
stonecutter_bottom.png,stonecutter_bottom.png,assets/block/stonecutter_bottom.png
stonecutter_saw.png,stonecutter_saw.png,assets/block/stonecutter_saw.png
stonecutter_saw.png.mcmeta,stonecutter_saw.png.mcmeta,assets/block/stonecutter_saw.png.mcmeta
stonecutter_side.png,stonecutter_side.png,assets/block/stonecutter_side.png
stonecutter_top.png,stonecutter_top.png,assets/block/stonecutter_top.png
stripped_acacia_log.png,stripped_acacia_log.png,assets/block/stripped_acacia_log.png
stripped_acacia_log_top.png,stripped_acacia_log_top.png,assets/block/stripped_acacia_log_top.png
stripped_bamboo_block.png,stripped_bamboo_block.png,assets/block/stripped_bamboo_block.png
stripped_bamboo_block_top.png,stripped_bamboo_block_top.png,assets/block/stripped_bamboo_block_top.png
stripped_birch_log.png,stripped_birch_log.png,assets/block/stripped_birch_log.png
stripped_birch_log_top.png,stripped_birch_log_top.png,assets/block/stripped_birch_log_top.png
stripped_cherry_log.png,stripped_cherry_log.png,assets/block/stripped_cherry_log.png
stripped_cherry_log_top.png,stripped_cherry_log_top.png,assets/block/stripped_cherry_log_top.png
stripped_crimson_stem.png,stripped_crimson_stem.png,assets/block/stripped_crimson_stem.png
stripped_crimson_stem_top.png,stripped_crimson_stem_top.png,assets/block/stripped_crimson_stem_top.png
stripped_dark_oak_log.png,stripped_dark_oak_log.png,assets/block/stripped_dark_oak_log.png
stripped_dark_oak_log_top.png,stripped_dark_oak_log_top.png,assets/block/stripped_dark_oak_log_top.png
stripped_jungle_log.png,stripped_jungle_log.png,assets/block/stripped_jungle_log.png
stripped_jungle_log_top.png,stripped_jungle_log_top.png,assets/block/stripped_jungle_log_top.png
stripped_mangrove_log.png,stripped_mangrove_log.png,assets/block/stripped_mangrove_log.png
stripped_mangrove_log_top.png,stripped_mangrove_log_top.png,assets/block/stripped_mangrove_log_top.png
stripped_oak_log.png,stripped_oak_log.png,assets/block/stripped_oak_log.png
stripped_oak_log_top.png,stripped_oak_log_top.png,assets/block/stripped_oak_log_top.png
stripped_pale_oak_log.png,stripped_pale_oak_log.png,assets/block/stripped_pale_oak_log.png
stripped_pale_oak_log_top.png,stripped_pale_oak_log_top.png,assets/block/stripped_pale_oak_log_top.png
stripped_spruce_log.png,stripped_spruce_log.png,assets/block/stripped_spruce_log.png
stripped_spruce_log_top.png,stripped_spruce_log_top.png,assets/block/stripped_spruce_log_top.png
stripped_warped_stem.png,stripped_warped_stem.png,assets/block/stripped_warped_stem.png
stripped_warped_stem_top.png,stripped_warped_stem_top.png,assets/block/stripped_warped_stem_top.png
structure_block.png,structure_block.png,assets/block/structure_block.png
structure_block_corner.png,structure_block_corner.png,assets/block/structure_block_corner.png
structure_block_data.png,structure_block_data.png,assets/block/structure_block_data.png
structure_block_load.png,structure_block_load.png,assets/block/structure_block_load.png
structure_block_save.png,structure_block_save.png,assets/block/structure_block_save.png
sugar_cane.png,sugar_cane.png,assets/block/sugar_cane.png
sunflower_back.png,sunflower_back.png,assets/block/sunflower_back.png
sunflower_bottom.png,sunflower_bottom.png,assets/block/sunflower_bottom.png
sunflower_front.png,sunflower_front.png,assets/block/sunflower_front.png
sunflower_top.png,sunflower_top.png,assets/block/sunflower_top.png
suspicious_gravel_0.png,suspicious_gravel_0.png,assets/block/suspicious_gravel_0.png
suspicious_gravel_1.png,suspicious_gravel_1.png,assets/block/suspicious_gravel_1.png
suspicious_gravel_2.png,suspicious_gravel_2.png,assets/block/suspicious_gravel_2.png
suspicious_gravel_3.png,suspicious_gravel_3.png,assets/block/suspicious_gravel_3.png
suspicious_sand_0.png,suspicious_sand_0.png,assets/block/suspicious_sand_0.png
suspicious_sand_1.png,suspicious_sand_1.png,assets/block/suspicious_sand_1.png
suspicious_sand_2.png,suspicious_sand_2.png,assets/block/suspicious_sand_2.png
suspicious_sand_3.png,suspicious_sand_3.png,assets/block/suspicious_sand_3.png
sweet_berry_bush_stage0.png,sweet_berry_bush_stage0.png,assets/block/sweet_berry_bush_stage0.png
sweet_berry_bush_stage1.png,sweet_berry_bush_stage1.png,assets/block/sweet_berry_bush_stage1.png
sweet_berry_bush_stage2.png,sweet_berry_bush_stage2.png,assets/block/sweet_berry_bush_stage2.png
sweet_berry_bush_stage3.png,sweet_berry_bush_stage3.png,assets/block/sweet_berry_bush_stage3.png
tall_dry_grass.png,tall_dry_grass.png,assets/block/tall_dry_grass.png
tall_grass_bottom.png,tall_grass_bottom.png,assets/block/tall_grass_bottom.png
tall_grass_top.png,tall_grass_top.png,assets/block/tall_grass_top.png
tall_seagrass_bottom.png,tall_seagrass_bottom.png,assets/block/tall_seagrass_bottom.png
tall_seagrass_bottom.png.mcmeta,tall_seagrass_bottom.png.mcmeta,assets/block/tall_seagrass_bottom.png.mcmeta
tall_seagrass_top.png,tall_seagrass_top.png,assets/block/tall_seagrass_top.png
tall_seagrass_top.png.mcmeta,tall_seagrass_top.png.mcmeta,assets/block/tall_seagrass_top.png.mcmeta
target_side.png,target_side.png,assets/block/target_side.png
target_top.png,target_top.png,assets/block/target_top.png
terracotta.png,terracotta.png,assets/block/terracotta.png
test_block_accept.png,test_block_accept.png,assets/block/test_block_accept.png
test_block_fail.png,test_block_fail.png,assets/block/test_block_fail.png
test_block_log.png,test_block_log.png,assets/block/test_block_log.png
test_block_start.png,test_block_start.png,assets/block/test_block_start.png
test_instance_block.png,test_instance_block.png,assets/block/test_instance_block.png
tinted_glass.png,tinted_glass.png,assets/block/tinted_glass.png
tnt_bottom.png,tnt_bottom.png,assets/block/tnt_bottom.png
tnt_side.png,tnt_side.png,assets/block/tnt_side.png
tnt_top.png,tnt_top.png,assets/block/tnt_top.png
torch.png,torch.png,assets/block/torch.png
torchflower.png,torchflower.png,assets/block/torchflower.png
torchflower_crop_stage0.png,torchflower_crop_stage0.png,assets/block/torchflower_crop_stage0.png
torchflower_crop_stage1.png,torchflower_crop_stage1.png,assets/block/torchflower_crop_stage1.png
trial_spawner_bottom.png,trial_spawner_bottom.png,assets/block/trial_spawner_bottom.png
trial_spawner_side_active.png,trial_spawner_side_active.png,assets/block/trial_spawner_side_active.png
trial_spawner_side_active_ominous.png,trial_spawner_side_active_ominous.png,assets/block/trial_spawner_side_active_ominous.png
trial_spawner_side_inactive.png,trial_spawner_side_inactive.png,assets/block/trial_spawner_side_inactive.png
trial_spawner_side_inactive_ominous.png,trial_spawner_side_inactive_ominous.png,assets/block/trial_spawner_side_inactive_ominous.png
trial_spawner_top_active.png,trial_spawner_top_active.png,assets/block/trial_spawner_top_active.png
trial_spawner_top_active_ominous.png,trial_spawner_top_active_ominous.png,assets/block/trial_spawner_top_active_ominous.png
trial_spawner_top_ejecting_reward.png,trial_spawner_top_ejecting_reward.png,assets/block/trial_spawner_top_ejecting_reward.png
trial_spawner_top_ejecting_reward_ominous.png,trial_spawner_top_ejecting_reward_ominous.png,assets/block/trial_spawner_top_ejecting_reward_ominous.png
trial_spawner_top_inactive.png,trial_spawner_top_inactive.png,assets/block/trial_spawner_top_inactive.png
trial_spawner_top_inactive_ominous.png,trial_spawner_top_inactive_ominous.png,assets/block/trial_spawner_top_inactive_ominous.png
tripwire.png,tripwire.png,assets/block/tripwire.png
tripwire_hook.png,tripwire_hook.png,assets/block/tripwire_hook.png
tube_coral.png,tube_coral.png,assets/block/tube_coral.png
tube_coral_block.png,tube_coral_block.png,assets/block/tube_coral_block.png
tube_coral_fan.png,tube_coral_fan.png,assets/block/tube_coral_fan.png
tuff.png,tuff.png,assets/block/tuff.png
tuff_bricks.png,tuff_bricks.png,assets/block/tuff_bricks.png
turtle_egg.png,turtle_egg.png,assets/block/turtle_egg.png
turtle_egg_slightly_cracked.png,turtle_egg_slightly_cracked.png,assets/block/turtle_egg_slightly_cracked.png
turtle_egg_very_cracked.png,turtle_egg_very_cracked.png,assets/block/turtle_egg_very_cracked.png
twisting_vines.png,twisting_vines.png,assets/block/twisting_vines.png
twisting_vines_plant.png,twisting_vines_plant.png,assets/block/twisting_vines_plant.png
vault_bottom.png,vault_bottom.png,assets/block/vault_bottom.png
vault_bottom_ominous.png,vault_bottom_ominous.png,assets/block/vault_bottom_ominous.png
vault_front_ejecting.png,vault_front_ejecting.png,assets/block/vault_front_ejecting.png
vault_front_ejecting_ominous.png,vault_front_ejecting_ominous.png,assets/block/vault_front_ejecting_ominous.png
vault_front_off.png,vault_front_off.png,assets/block/vault_front_off.png
vault_front_off_ominous.png,vault_front_off_ominous.png,assets/block/vault_front_off_ominous.png
vault_front_on.png,vault_front_on.png,assets/block/vault_front_on.png
vault_front_on_ominous.png,vault_front_on_ominous.png,assets/block/vault_front_on_ominous.png
vault_side_off.png,vault_side_off.png,assets/block/vault_side_off.png
vault_side_off_ominous.png,vault_side_off_ominous.png,assets/block/vault_side_off_ominous.png
vault_side_on.png,vault_side_on.png,assets/block/vault_side_on.png
vault_side_on_ominous.png,vault_side_on_ominous.png,assets/block/vault_side_on_ominous.png
vault_top.png,vault_top.png,assets/block/vault_top.png
vault_top_ejecting.png,vault_top_ejecting.png,assets/block/vault_top_ejecting.png
vault_top_ejecting_ominous.png,vault_top_ejecting_ominous.png,assets/block/vault_top_ejecting_ominous.png
vault_top_ominous.png,vault_top_ominous.png,assets/block/vault_top_ominous.png
verdant_froglight_side.png,verdant_froglight_side.png,assets/block/verdant_froglight_side.png
verdant_froglight_top.png,verdant_froglight_top.png,assets/block/verdant_froglight_top.png
vine.png,vine.png,assets/block/vine.png
warped_door_bottom.png,warped_door_bottom.png,assets/block/warped_door_bottom.png
warped_door_top.png,warped_door_top.png,assets/block/warped_door_top.png
warped_fungus.png,warped_fungus.png,assets/block/warped_fungus.png
warped_nylium.png,warped_nylium.png,assets/block/warped_nylium.png
warped_nylium_side.png,warped_nylium_side.png,assets/block/warped_nylium_side.png
warped_planks.png,warped_planks.png,assets/block/warped_planks.png
warped_roots.png,warped_roots.png,assets/block/warped_roots.png
warped_roots_pot.png,warped_roots_pot.png,assets/block/warped_roots_pot.png
warped_stem.png,warped_stem.png,assets/block/warped_stem.png
warped_stem.png.mcmeta,warped_stem.png.mcmeta,assets/block/warped_stem.png.mcmeta
warped_stem_top.png,warped_stem_top.png,assets/block/warped_stem_top.png
warped_trapdoor.png,warped_trapdoor.png,assets/block/warped_trapdoor.png
warped_wart_block.png,warped_wart_block.png,assets/block/warped_wart_block.png
water_flow.png,water_flow.png,assets/block/water_flow.png
water_flow.png.mcmeta,water_flow.png.mcmeta,assets/block/water_flow.png.mcmeta
water_still.png,water_still.png,assets/block/water_still.png
water_still.png.mcmeta,water_still.png.mcmeta,assets/block/water_still.png.mcmeta
weathered_chiseled_copper.png,weathered_chiseled_copper.png,assets/block/weathered_chiseled_copper.png
weathered_copper.png,weathered_copper.png,assets/block/weathered_copper.png
weathered_copper_bulb.png,weathered_copper_bulb.png,assets/block/weathered_copper_bulb.png
weathered_copper_bulb_lit.png,weathered_copper_bulb_lit.png,assets/block/weathered_copper_bulb_lit.png
weathered_copper_bulb_lit_powered.png,weathered_copper_bulb_lit_powered.png,assets/block/weathered_copper_bulb_lit_powered.png
weathered_copper_bulb_powered.png,weathered_copper_bulb_powered.png,assets/block/weathered_copper_bulb_powered.png
weathered_copper_door_bottom.png,weathered_copper_door_bottom.png,assets/block/weathered_copper_door_bottom.png
weathered_copper_door_top.png,weathered_copper_door_top.png,assets/block/weathered_copper_door_top.png
weathered_copper_grate.png,weathered_copper_grate.png,assets/block/weathered_copper_grate.png
weathered_copper_trapdoor.png,weathered_copper_trapdoor.png,assets/block/weathered_copper_trapdoor.png
weathered_cut_copper.png,weathered_cut_copper.png,assets/block/weathered_cut_copper.png
weeping_vines.png,weeping_vines.png,assets/block/weeping_vines.png
weeping_vines_plant.png,weeping_vines_plant.png,assets/block/weeping_vines_plant.png
wet_sponge.png,wet_sponge.png,assets/block/wet_sponge.png
wheat_stage0.png,wheat_stage0.png,assets/block/wheat_stage0.png
wheat_stage1.png,wheat_stage1.png,assets/block/wheat_stage1.png
wheat_stage2.png,wheat_stage2.png,assets/block/wheat_stage2.png
wheat_stage3.png,wheat_stage3.png,assets/block/wheat_stage3.png
wheat_stage4.png,wheat_stage4.png,assets/block/wheat_stage4.png
wheat_stage5.png,wheat_stage5.png,assets/block/wheat_stage5.png
wheat_stage6.png,wheat_stage6.png,assets/block/wheat_stage6.png
wheat_stage7.png,wheat_stage7.png,assets/block/wheat_stage7.png
white_candle.png,white_candle.png,assets/block/white_candle.png
white_candle_lit.png,white_candle_lit.png,assets/block/white_candle_lit.png
white_concrete.png,white_concrete.png,assets/block/white_concrete.png
white_concrete_powder.png,white_concrete_powder.png,assets/block/white_concrete_powder.png
white_glazed_terracotta.png,white_glazed_terracotta.png,assets/block/white_glazed_terracotta.png
white_shulker_box.png,white_shulker_box.png,assets/block/white_shulker_box.png
white_stained_glass.png,white_stained_glass.png,assets/block/white_stained_glass.png
white_stained_glass_pane_top.png,white_stained_glass_pane_top.png,assets/block/white_stained_glass_pane_top.png
white_terracotta.png,white_terracotta.png,assets/block/white_terracotta.png
white_tulip.png,white_tulip.png,assets/block/white_tulip.png
white_wool.png,white_wool.png,assets/block/white_wool.png
wildflowers.png,wildflowers.png,assets/block/wildflowers.png
wildflowers_stem.png,wildflowers_stem.png,assets/block/wildflowers_stem.png
wither_rose.png,wither_rose.png,assets/block/wither_rose.png
yellow_candle.png,yellow_candle.png,assets/block/yellow_candle.png
yellow_candle_lit.png,yellow_candle_lit.png,assets/block/yellow_candle_lit.png
yellow_concrete.png,yellow_concrete.png,assets/block/yellow_concrete.png
yellow_concrete_powder.png,yellow_concrete_powder.png,assets/block/yellow_concrete_powder.png
yellow_glazed_terracotta.png,yellow_glazed_terracotta.png,assets/block/yellow_glazed_terracotta.png
yellow_shulker_box.png,yellow_shulker_box.png,assets/block/yellow_shulker_box.png
yellow_stained_glass.png,yellow_stained_glass.png,assets/block/yellow_stained_glass.png
yellow_stained_glass_pane_top.png,yellow_stained_glass_pane_top.png,assets/block/yellow_stained_glass_pane_top.png
yellow_terracotta.png,yellow_terracotta.png,assets/block/yellow_terracotta.png
yellow_wool.png,yellow_wool.png,assets/block/yellow_wool.png
